--
-- PostgreSQL database dump
--

\restrict wvfc50PEejoOmIFUKlvy3cds2zVehHWZgomgJ2Dxbt4aggS3Zn7rVbovbOXYcIe

-- Dumped from database version 18.1
-- Dumped by pg_dump version 18.1

SET statement_timeout = 0;
SET lock_timeout = 0;
SET idle_in_transaction_session_timeout = 0;
SET transaction_timeout = 0;
SET client_encoding = 'UTF8';
SET standard_conforming_strings = on;
SELECT pg_catalog.set_config('search_path', '', false);
SET check_function_bodies = false;
SET xmloption = content;
SET client_min_messages = warning;
SET row_security = off;

SET default_tablespace = '';

SET default_table_access_method = heap;

--
-- Name: auth_group; Type: TABLE; Schema: public; Owner: postgres
--

CREATE TABLE public.auth_group (
    id integer NOT NULL,
    name character varying(150) NOT NULL
);


ALTER TABLE public.auth_group OWNER TO postgres;

--
-- Name: auth_group_id_seq; Type: SEQUENCE; Schema: public; Owner: postgres
--

ALTER TABLE public.auth_group ALTER COLUMN id ADD GENERATED BY DEFAULT AS IDENTITY (
    SEQUENCE NAME public.auth_group_id_seq
    START WITH 1
    INCREMENT BY 1
    NO MINVALUE
    NO MAXVALUE
    CACHE 1
);


--
-- Name: auth_group_permissions; Type: TABLE; Schema: public; Owner: postgres
--

CREATE TABLE public.auth_group_permissions (
    id bigint NOT NULL,
    group_id integer NOT NULL,
    permission_id integer NOT NULL
);


ALTER TABLE public.auth_group_permissions OWNER TO postgres;

--
-- Name: auth_group_permissions_id_seq; Type: SEQUENCE; Schema: public; Owner: postgres
--

ALTER TABLE public.auth_group_permissions ALTER COLUMN id ADD GENERATED BY DEFAULT AS IDENTITY (
    SEQUENCE NAME public.auth_group_permissions_id_seq
    START WITH 1
    INCREMENT BY 1
    NO MINVALUE
    NO MAXVALUE
    CACHE 1
);


--
-- Name: auth_permission; Type: TABLE; Schema: public; Owner: postgres
--

CREATE TABLE public.auth_permission (
    id integer NOT NULL,
    name character varying(255) NOT NULL,
    content_type_id integer NOT NULL,
    codename character varying(100) NOT NULL
);


ALTER TABLE public.auth_permission OWNER TO postgres;

--
-- Name: auth_permission_id_seq; Type: SEQUENCE; Schema: public; Owner: postgres
--

ALTER TABLE public.auth_permission ALTER COLUMN id ADD GENERATED BY DEFAULT AS IDENTITY (
    SEQUENCE NAME public.auth_permission_id_seq
    START WITH 1
    INCREMENT BY 1
    NO MINVALUE
    NO MAXVALUE
    CACHE 1
);


--
-- Name: auth_user; Type: TABLE; Schema: public; Owner: postgres
--

CREATE TABLE public.auth_user (
    id integer NOT NULL,
    password character varying(128) NOT NULL,
    last_login timestamp with time zone,
    is_superuser boolean NOT NULL,
    username character varying(150) NOT NULL,
    first_name character varying(150) NOT NULL,
    last_name character varying(150) NOT NULL,
    email character varying(254) NOT NULL,
    is_staff boolean NOT NULL,
    is_active boolean NOT NULL,
    date_joined timestamp with time zone NOT NULL
);


ALTER TABLE public.auth_user OWNER TO postgres;

--
-- Name: auth_user_groups; Type: TABLE; Schema: public; Owner: postgres
--

CREATE TABLE public.auth_user_groups (
    id bigint NOT NULL,
    user_id integer NOT NULL,
    group_id integer NOT NULL
);


ALTER TABLE public.auth_user_groups OWNER TO postgres;

--
-- Name: auth_user_groups_id_seq; Type: SEQUENCE; Schema: public; Owner: postgres
--

ALTER TABLE public.auth_user_groups ALTER COLUMN id ADD GENERATED BY DEFAULT AS IDENTITY (
    SEQUENCE NAME public.auth_user_groups_id_seq
    START WITH 1
    INCREMENT BY 1
    NO MINVALUE
    NO MAXVALUE
    CACHE 1
);


--
-- Name: auth_user_id_seq; Type: SEQUENCE; Schema: public; Owner: postgres
--

ALTER TABLE public.auth_user ALTER COLUMN id ADD GENERATED BY DEFAULT AS IDENTITY (
    SEQUENCE NAME public.auth_user_id_seq
    START WITH 1
    INCREMENT BY 1
    NO MINVALUE
    NO MAXVALUE
    CACHE 1
);


--
-- Name: auth_user_user_permissions; Type: TABLE; Schema: public; Owner: postgres
--

CREATE TABLE public.auth_user_user_permissions (
    id bigint NOT NULL,
    user_id integer NOT NULL,
    permission_id integer NOT NULL
);


ALTER TABLE public.auth_user_user_permissions OWNER TO postgres;

--
-- Name: auth_user_user_permissions_id_seq; Type: SEQUENCE; Schema: public; Owner: postgres
--

ALTER TABLE public.auth_user_user_permissions ALTER COLUMN id ADD GENERATED BY DEFAULT AS IDENTITY (
    SEQUENCE NAME public.auth_user_user_permissions_id_seq
    START WITH 1
    INCREMENT BY 1
    NO MINVALUE
    NO MAXVALUE
    CACHE 1
);


--
-- Name: authtoken_token; Type: TABLE; Schema: public; Owner: postgres
--

CREATE TABLE public.authtoken_token (
    key character varying(40) NOT NULL,
    created timestamp with time zone NOT NULL,
    user_id integer NOT NULL
);


ALTER TABLE public.authtoken_token OWNER TO postgres;

--
-- Name: catalogo_categoriamoto; Type: TABLE; Schema: public; Owner: postgres
--

CREATE TABLE public.catalogo_categoriamoto (
    id bigint NOT NULL,
    nombre character varying(100) NOT NULL,
    slug character varying(50) NOT NULL,
    descripcion text NOT NULL,
    activa boolean NOT NULL
);


ALTER TABLE public.catalogo_categoriamoto OWNER TO postgres;

--
-- Name: catalogo_categoriamoto_id_seq; Type: SEQUENCE; Schema: public; Owner: postgres
--

ALTER TABLE public.catalogo_categoriamoto ALTER COLUMN id ADD GENERATED BY DEFAULT AS IDENTITY (
    SEQUENCE NAME public.catalogo_categoriamoto_id_seq
    START WITH 1
    INCREMENT BY 1
    NO MINVALUE
    NO MAXVALUE
    CACHE 1
);


--
-- Name: catalogo_categoriaproducto; Type: TABLE; Schema: public; Owner: postgres
--

CREATE TABLE public.catalogo_categoriaproducto (
    id bigint NOT NULL,
    nombre character varying(100) NOT NULL,
    slug character varying(50) NOT NULL,
    descripcion text NOT NULL,
    activa boolean NOT NULL
);


ALTER TABLE public.catalogo_categoriaproducto OWNER TO postgres;

--
-- Name: catalogo_categoriaproducto_id_seq; Type: SEQUENCE; Schema: public; Owner: postgres
--

ALTER TABLE public.catalogo_categoriaproducto ALTER COLUMN id ADD GENERATED BY DEFAULT AS IDENTITY (
    SEQUENCE NAME public.catalogo_categoriaproducto_id_seq
    START WITH 1
    INCREMENT BY 1
    NO MINVALUE
    NO MAXVALUE
    CACHE 1
);


--
-- Name: catalogo_marca; Type: TABLE; Schema: public; Owner: postgres
--

CREATE TABLE public.catalogo_marca (
    id bigint NOT NULL,
    nombre character varying(100) NOT NULL,
    slug character varying(50) NOT NULL,
    url_logo character varying(200) NOT NULL,
    descripcion text NOT NULL,
    activa boolean NOT NULL,
    tipo character varying(32)
);


ALTER TABLE public.catalogo_marca OWNER TO postgres;

--
-- Name: catalogo_marca_id_seq; Type: SEQUENCE; Schema: public; Owner: postgres
--

ALTER TABLE public.catalogo_marca ALTER COLUMN id ADD GENERATED BY DEFAULT AS IDENTITY (
    SEQUENCE NAME public.catalogo_marca_id_seq
    START WITH 1
    INCREMENT BY 1
    NO MINVALUE
    NO MAXVALUE
    CACHE 1
);


--
-- Name: catalogo_subcategoriaproducto; Type: TABLE; Schema: public; Owner: postgres
--

CREATE TABLE public.catalogo_subcategoriaproducto (
    id bigint NOT NULL,
    nombre character varying(100) NOT NULL,
    slug character varying(50) NOT NULL,
    descripcion text NOT NULL,
    activa boolean NOT NULL,
    categoria_id bigint NOT NULL
);


ALTER TABLE public.catalogo_subcategoriaproducto OWNER TO postgres;

--
-- Name: catalogo_subcategoriaproducto_id_seq; Type: SEQUENCE; Schema: public; Owner: postgres
--

ALTER TABLE public.catalogo_subcategoriaproducto ALTER COLUMN id ADD GENERATED BY DEFAULT AS IDENTITY (
    SEQUENCE NAME public.catalogo_subcategoriaproducto_id_seq
    START WITH 1
    INCREMENT BY 1
    NO MINVALUE
    NO MAXVALUE
    CACHE 1
);


--
-- Name: clientes_contactocliente; Type: TABLE; Schema: public; Owner: postgres
--

CREATE TABLE public.clientes_contactocliente (
    id bigint NOT NULL,
    nombre_completo character varying(150) NOT NULL,
    telefono character varying(30) NOT NULL,
    email character varying(254) NOT NULL,
    mensaje text NOT NULL,
    fecha_creacion timestamp with time zone NOT NULL,
    moto_id bigint,
    producto_id bigint
);


ALTER TABLE public.clientes_contactocliente OWNER TO postgres;

--
-- Name: clientes_contactocliente_id_seq; Type: SEQUENCE; Schema: public; Owner: postgres
--

ALTER TABLE public.clientes_contactocliente ALTER COLUMN id ADD GENERATED BY DEFAULT AS IDENTITY (
    SEQUENCE NAME public.clientes_contactocliente_id_seq
    START WITH 1
    INCREMENT BY 1
    NO MINVALUE
    NO MAXVALUE
    CACHE 1
);


--
-- Name: clientes_perfilusuario; Type: TABLE; Schema: public; Owner: postgres
--

CREATE TABLE public.clientes_perfilusuario (
    id bigint NOT NULL,
    telefono character varying(30) NOT NULL,
    rol character varying(20) NOT NULL,
    user_id integer NOT NULL
);


ALTER TABLE public.clientes_perfilusuario OWNER TO postgres;

--
-- Name: clientes_perfilusuario_id_seq; Type: SEQUENCE; Schema: public; Owner: postgres
--

ALTER TABLE public.clientes_perfilusuario ALTER COLUMN id ADD GENERATED BY DEFAULT AS IDENTITY (
    SEQUENCE NAME public.clientes_perfilusuario_id_seq
    START WITH 1
    INCREMENT BY 1
    NO MINVALUE
    NO MAXVALUE
    CACHE 1
);


--
-- Name: core_contactositio; Type: TABLE; Schema: public; Owner: postgres
--

CREATE TABLE public.core_contactositio (
    id bigint NOT NULL,
    instagram character varying(120) NOT NULL,
    telefono character varying(60) NOT NULL,
    ubicacion character varying(180) NOT NULL,
    actualizado_en timestamp with time zone NOT NULL
);


ALTER TABLE public.core_contactositio OWNER TO postgres;

--
-- Name: core_contactositio_id_seq; Type: SEQUENCE; Schema: public; Owner: postgres
--

ALTER TABLE public.core_contactositio ALTER COLUMN id ADD GENERATED BY DEFAULT AS IDENTITY (
    SEQUENCE NAME public.core_contactositio_id_seq
    START WITH 1
    INCREMENT BY 1
    NO MINVALUE
    NO MAXVALUE
    CACHE 1
);


--
-- Name: django_admin_log; Type: TABLE; Schema: public; Owner: postgres
--

CREATE TABLE public.django_admin_log (
    id integer NOT NULL,
    action_time timestamp with time zone NOT NULL,
    object_id text,
    object_repr character varying(200) NOT NULL,
    action_flag smallint NOT NULL,
    change_message text NOT NULL,
    content_type_id integer,
    user_id integer NOT NULL,
    CONSTRAINT django_admin_log_action_flag_check CHECK ((action_flag >= 0))
);


ALTER TABLE public.django_admin_log OWNER TO postgres;

--
-- Name: django_admin_log_id_seq; Type: SEQUENCE; Schema: public; Owner: postgres
--

ALTER TABLE public.django_admin_log ALTER COLUMN id ADD GENERATED BY DEFAULT AS IDENTITY (
    SEQUENCE NAME public.django_admin_log_id_seq
    START WITH 1
    INCREMENT BY 1
    NO MINVALUE
    NO MAXVALUE
    CACHE 1
);


--
-- Name: django_content_type; Type: TABLE; Schema: public; Owner: postgres
--

CREATE TABLE public.django_content_type (
    id integer NOT NULL,
    app_label character varying(100) NOT NULL,
    model character varying(100) NOT NULL
);


ALTER TABLE public.django_content_type OWNER TO postgres;

--
-- Name: django_content_type_id_seq; Type: SEQUENCE; Schema: public; Owner: postgres
--

ALTER TABLE public.django_content_type ALTER COLUMN id ADD GENERATED BY DEFAULT AS IDENTITY (
    SEQUENCE NAME public.django_content_type_id_seq
    START WITH 1
    INCREMENT BY 1
    NO MINVALUE
    NO MAXVALUE
    CACHE 1
);


--
-- Name: django_migrations; Type: TABLE; Schema: public; Owner: postgres
--

CREATE TABLE public.django_migrations (
    id bigint NOT NULL,
    app character varying(255) NOT NULL,
    name character varying(255) NOT NULL,
    applied timestamp with time zone NOT NULL
);


ALTER TABLE public.django_migrations OWNER TO postgres;

--
-- Name: django_migrations_id_seq; Type: SEQUENCE; Schema: public; Owner: postgres
--

ALTER TABLE public.django_migrations ALTER COLUMN id ADD GENERATED BY DEFAULT AS IDENTITY (
    SEQUENCE NAME public.django_migrations_id_seq
    START WITH 1
    INCREMENT BY 1
    NO MINVALUE
    NO MAXVALUE
    CACHE 1
);


--
-- Name: django_session; Type: TABLE; Schema: public; Owner: postgres
--

CREATE TABLE public.django_session (
    session_key character varying(40) NOT NULL,
    session_data text NOT NULL,
    expire_date timestamp with time zone NOT NULL
);


ALTER TABLE public.django_session OWNER TO postgres;

--
-- Name: mantenciones_mantencion; Type: TABLE; Schema: public; Owner: admin_motos
--

CREATE TABLE public.mantenciones_mantencion (
    id bigint NOT NULL,
    fecha_ingreso date NOT NULL,
    kilometraje_ingreso integer NOT NULL,
    tipo_mantencion character varying(30) NOT NULL,
    motivo text NOT NULL,
    diagnostico text NOT NULL,
    trabajo_realizado text NOT NULL,
    costo_total numeric(12,2) NOT NULL,
    estado character varying(24) NOT NULL,
    fecha_entrega date,
    observaciones text NOT NULL,
    created_at timestamp with time zone NOT NULL,
    updated_at timestamp with time zone NOT NULL,
    moto_cliente_id bigint NOT NULL
);


ALTER TABLE public.mantenciones_mantencion OWNER TO admin_motos;

--
-- Name: mantenciones_mantencion_id_seq; Type: SEQUENCE; Schema: public; Owner: admin_motos
--

ALTER TABLE public.mantenciones_mantencion ALTER COLUMN id ADD GENERATED BY DEFAULT AS IDENTITY (
    SEQUENCE NAME public.mantenciones_mantencion_id_seq
    START WITH 1
    INCREMENT BY 1
    NO MINVALUE
    NO MAXVALUE
    CACHE 1
);


--
-- Name: mantenciones_vehiculocliente; Type: TABLE; Schema: public; Owner: admin_motos
--

CREATE TABLE public.mantenciones_vehiculocliente (
    id bigint NOT NULL,
    matricula character varying(20) NOT NULL,
    marca character varying(80) NOT NULL,
    modelo character varying(120) NOT NULL,
    anio integer,
    kilometraje_actual integer NOT NULL,
    created_at timestamp with time zone NOT NULL,
    updated_at timestamp with time zone NOT NULL,
    cliente_id integer NOT NULL
);


ALTER TABLE public.mantenciones_vehiculocliente OWNER TO admin_motos;

--
-- Name: mantenciones_vehiculocliente_id_seq; Type: SEQUENCE; Schema: public; Owner: admin_motos
--

ALTER TABLE public.mantenciones_vehiculocliente ALTER COLUMN id ADD GENERATED BY DEFAULT AS IDENTITY (
    SEQUENCE NAME public.mantenciones_vehiculocliente_id_seq
    START WITH 1
    INCREMENT BY 1
    NO MINVALUE
    NO MAXVALUE
    CACHE 1
);


--
-- Name: motos_especificacionmoto; Type: TABLE; Schema: public; Owner: postgres
--

CREATE TABLE public.motos_especificacionmoto (
    id bigint NOT NULL,
    clave character varying(100) NOT NULL,
    valor character varying(255) NOT NULL,
    moto_id bigint NOT NULL
);


ALTER TABLE public.motos_especificacionmoto OWNER TO postgres;

--
-- Name: motos_especificacionmoto_id_seq; Type: SEQUENCE; Schema: public; Owner: postgres
--

ALTER TABLE public.motos_especificacionmoto ALTER COLUMN id ADD GENERATED BY DEFAULT AS IDENTITY (
    SEQUENCE NAME public.motos_especificacionmoto_id_seq
    START WITH 1
    INCREMENT BY 1
    NO MINVALUE
    NO MAXVALUE
    CACHE 1
);


--
-- Name: motos_imagenmoto; Type: TABLE; Schema: public; Owner: postgres
--

CREATE TABLE public.motos_imagenmoto (
    id bigint NOT NULL,
    imagen character varying(100),
    texto_alternativo character varying(255) NOT NULL,
    orden integer NOT NULL,
    moto_id bigint NOT NULL
);


ALTER TABLE public.motos_imagenmoto OWNER TO postgres;

--
-- Name: motos_imagenmoto_id_seq; Type: SEQUENCE; Schema: public; Owner: postgres
--

ALTER TABLE public.motos_imagenmoto ALTER COLUMN id ADD GENERATED BY DEFAULT AS IDENTITY (
    SEQUENCE NAME public.motos_imagenmoto_id_seq
    START WITH 1
    INCREMENT BY 1
    NO MINVALUE
    NO MAXVALUE
    CACHE 1
);


--
-- Name: motos_moto; Type: TABLE; Schema: public; Owner: postgres
--

CREATE TABLE public.motos_moto (
    id bigint NOT NULL,
    modelo character varying(150) CONSTRAINT motos_moto_nombre_not_null NOT NULL,
    slug character varying(50) NOT NULL,
    descripcion text NOT NULL,
    precio numeric(12,2) NOT NULL,
    cilindrada integer NOT NULL,
    anio integer NOT NULL,
    stock integer NOT NULL,
    imagen_principal character varying(100),
    es_destacada boolean NOT NULL,
    activa boolean NOT NULL,
    fecha_creacion timestamp with time zone NOT NULL,
    categoria_id bigint NOT NULL,
    marca_id bigint NOT NULL
);


ALTER TABLE public.motos_moto OWNER TO postgres;

--
-- Name: motos_moto_id_seq; Type: SEQUENCE; Schema: public; Owner: postgres
--

ALTER TABLE public.motos_moto ALTER COLUMN id ADD GENERATED BY DEFAULT AS IDENTITY (
    SEQUENCE NAME public.motos_moto_id_seq
    START WITH 1
    INCREMENT BY 1
    NO MINVALUE
    NO MAXVALUE
    CACHE 1
);


--
-- Name: productos_compatibilidadproductomoto; Type: TABLE; Schema: public; Owner: postgres
--

CREATE TABLE public.productos_compatibilidadproductomoto (
    id bigint NOT NULL,
    moto_id bigint NOT NULL,
    producto_id bigint NOT NULL
);


ALTER TABLE public.productos_compatibilidadproductomoto OWNER TO postgres;

--
-- Name: productos_compatibilidadproductomoto_id_seq; Type: SEQUENCE; Schema: public; Owner: postgres
--

ALTER TABLE public.productos_compatibilidadproductomoto ALTER COLUMN id ADD GENERATED BY DEFAULT AS IDENTITY (
    SEQUENCE NAME public.productos_compatibilidadproductomoto_id_seq
    START WITH 1
    INCREMENT BY 1
    NO MINVALUE
    NO MAXVALUE
    CACHE 1
);


--
-- Name: productos_especificacionproducto; Type: TABLE; Schema: public; Owner: postgres
--

CREATE TABLE public.productos_especificacionproducto (
    id bigint NOT NULL,
    clave character varying(100) NOT NULL,
    valor character varying(255) NOT NULL,
    producto_id bigint NOT NULL
);


ALTER TABLE public.productos_especificacionproducto OWNER TO postgres;

--
-- Name: productos_especificacionproducto_id_seq; Type: SEQUENCE; Schema: public; Owner: postgres
--

ALTER TABLE public.productos_especificacionproducto ALTER COLUMN id ADD GENERATED BY DEFAULT AS IDENTITY (
    SEQUENCE NAME public.productos_especificacionproducto_id_seq
    START WITH 1
    INCREMENT BY 1
    NO MINVALUE
    NO MAXVALUE
    CACHE 1
);


--
-- Name: productos_imagenproducto; Type: TABLE; Schema: public; Owner: postgres
--

CREATE TABLE public.productos_imagenproducto (
    id bigint NOT NULL,
    imagen character varying(100) NOT NULL,
    texto_alternativo character varying(255) NOT NULL,
    orden integer NOT NULL,
    producto_id bigint NOT NULL
);


ALTER TABLE public.productos_imagenproducto OWNER TO postgres;

--
-- Name: productos_imagenproducto_id_seq; Type: SEQUENCE; Schema: public; Owner: postgres
--

ALTER TABLE public.productos_imagenproducto ALTER COLUMN id ADD GENERATED BY DEFAULT AS IDENTITY (
    SEQUENCE NAME public.productos_imagenproducto_id_seq
    START WITH 1
    INCREMENT BY 1
    NO MINVALUE
    NO MAXVALUE
    CACHE 1
);


--
-- Name: productos_producto; Type: TABLE; Schema: public; Owner: postgres
--

CREATE TABLE public.productos_producto (
    id bigint NOT NULL,
    nombre character varying(150) NOT NULL,
    slug character varying(50) NOT NULL,
    descripcion text NOT NULL,
    precio numeric(12,2) NOT NULL,
    stock integer NOT NULL,
    imagen_principal character varying(100),
    es_destacado boolean NOT NULL,
    activo boolean NOT NULL,
    requiere_compatibilidad boolean NOT NULL,
    fecha_creacion timestamp with time zone NOT NULL,
    marca_id bigint,
    subcategoria_id bigint NOT NULL
);


ALTER TABLE public.productos_producto OWNER TO postgres;

--
-- Name: productos_producto_id_seq; Type: SEQUENCE; Schema: public; Owner: postgres
--

ALTER TABLE public.productos_producto ALTER COLUMN id ADD GENERATED BY DEFAULT AS IDENTITY (
    SEQUENCE NAME public.productos_producto_id_seq
    START WITH 1
    INCREMENT BY 1
    NO MINVALUE
    NO MAXVALUE
    CACHE 1
);


--
-- Name: token_blacklist_blacklistedtoken; Type: TABLE; Schema: public; Owner: postgres
--

CREATE TABLE public.token_blacklist_blacklistedtoken (
    id bigint NOT NULL,
    blacklisted_at timestamp with time zone NOT NULL,
    token_id bigint NOT NULL
);


ALTER TABLE public.token_blacklist_blacklistedtoken OWNER TO postgres;

--
-- Name: token_blacklist_blacklistedtoken_id_seq; Type: SEQUENCE; Schema: public; Owner: postgres
--

ALTER TABLE public.token_blacklist_blacklistedtoken ALTER COLUMN id ADD GENERATED BY DEFAULT AS IDENTITY (
    SEQUENCE NAME public.token_blacklist_blacklistedtoken_id_seq
    START WITH 1
    INCREMENT BY 1
    NO MINVALUE
    NO MAXVALUE
    CACHE 1
);


--
-- Name: token_blacklist_outstandingtoken; Type: TABLE; Schema: public; Owner: postgres
--

CREATE TABLE public.token_blacklist_outstandingtoken (
    id bigint NOT NULL,
    token text NOT NULL,
    created_at timestamp with time zone,
    expires_at timestamp with time zone NOT NULL,
    user_id integer,
    jti character varying(255) CONSTRAINT token_blacklist_outstandingtoken_jti_hex_not_null NOT NULL
);


ALTER TABLE public.token_blacklist_outstandingtoken OWNER TO postgres;

--
-- Name: token_blacklist_outstandingtoken_id_seq; Type: SEQUENCE; Schema: public; Owner: postgres
--

ALTER TABLE public.token_blacklist_outstandingtoken ALTER COLUMN id ADD GENERATED BY DEFAULT AS IDENTITY (
    SEQUENCE NAME public.token_blacklist_outstandingtoken_id_seq
    START WITH 1
    INCREMENT BY 1
    NO MINVALUE
    NO MAXVALUE
    CACHE 1
);


--
-- Data for Name: auth_group; Type: TABLE DATA; Schema: public; Owner: postgres
--

COPY public.auth_group (id, name) FROM stdin;
\.


--
-- Data for Name: auth_group_permissions; Type: TABLE DATA; Schema: public; Owner: postgres
--

COPY public.auth_group_permissions (id, group_id, permission_id) FROM stdin;
\.


--
-- Data for Name: auth_permission; Type: TABLE DATA; Schema: public; Owner: postgres
--

COPY public.auth_permission (id, name, content_type_id, codename) FROM stdin;
1	Can add log entry	1	add_logentry
2	Can change log entry	1	change_logentry
3	Can delete log entry	1	delete_logentry
4	Can view log entry	1	view_logentry
5	Can add permission	3	add_permission
6	Can change permission	3	change_permission
7	Can delete permission	3	delete_permission
8	Can view permission	3	view_permission
9	Can add group	2	add_group
10	Can change group	2	change_group
11	Can delete group	2	delete_group
12	Can view group	2	view_group
13	Can add user	4	add_user
14	Can change user	4	change_user
15	Can delete user	4	delete_user
16	Can view user	4	view_user
17	Can add content type	5	add_contenttype
18	Can change content type	5	change_contenttype
19	Can delete content type	5	delete_contenttype
20	Can view content type	5	view_contenttype
21	Can add session	6	add_session
22	Can change session	6	change_session
23	Can delete session	6	delete_session
24	Can view session	6	view_session
25	Can add categoria moto	7	add_categoriamoto
26	Can change categoria moto	7	change_categoriamoto
27	Can delete categoria moto	7	delete_categoriamoto
28	Can view categoria moto	7	view_categoriamoto
29	Can add categoria producto	8	add_categoriaproducto
30	Can change categoria producto	8	change_categoriaproducto
31	Can delete categoria producto	8	delete_categoriaproducto
32	Can view categoria producto	8	view_categoriaproducto
33	Can add marca	9	add_marca
34	Can change marca	9	change_marca
35	Can delete marca	9	delete_marca
36	Can view marca	9	view_marca
37	Can add subcategoria producto	10	add_subcategoriaproducto
38	Can change subcategoria producto	10	change_subcategoriaproducto
39	Can delete subcategoria producto	10	delete_subcategoriaproducto
40	Can view subcategoria producto	10	view_subcategoriaproducto
41	Can add moto	13	add_moto
42	Can change moto	13	change_moto
43	Can delete moto	13	delete_moto
44	Can view moto	13	view_moto
45	Can add imagen moto	12	add_imagenmoto
46	Can change imagen moto	12	change_imagenmoto
47	Can delete imagen moto	12	delete_imagenmoto
48	Can view imagen moto	12	view_imagenmoto
49	Can add especificacion moto	11	add_especificacionmoto
50	Can change especificacion moto	11	change_especificacionmoto
51	Can delete especificacion moto	11	delete_especificacionmoto
52	Can view especificacion moto	11	view_especificacionmoto
53	Can add producto	17	add_producto
54	Can change producto	17	change_producto
55	Can delete producto	17	delete_producto
56	Can view producto	17	view_producto
57	Can add imagen producto	16	add_imagenproducto
58	Can change imagen producto	16	change_imagenproducto
59	Can delete imagen producto	16	delete_imagenproducto
60	Can view imagen producto	16	view_imagenproducto
61	Can add especificacion producto	15	add_especificacionproducto
62	Can change especificacion producto	15	change_especificacionproducto
63	Can delete especificacion producto	15	delete_especificacionproducto
64	Can view especificacion producto	15	view_especificacionproducto
65	Can add Compatibilidad de producto con moto	14	add_compatibilidadproductomoto
66	Can change Compatibilidad de producto con moto	14	change_compatibilidadproductomoto
67	Can delete Compatibilidad de producto con moto	14	delete_compatibilidadproductomoto
68	Can view Compatibilidad de producto con moto	14	view_compatibilidadproductomoto
69	Can add Contacto del sitio	18	add_contactositio
70	Can change Contacto del sitio	18	change_contactositio
71	Can delete Contacto del sitio	18	delete_contactositio
72	Can view Contacto del sitio	18	view_contactositio
73	Can add contacto cliente	19	add_contactocliente
74	Can change contacto cliente	19	change_contactocliente
75	Can delete contacto cliente	19	delete_contactocliente
76	Can view contacto cliente	19	view_contactocliente
77	Can add Token	20	add_token
78	Can change Token	20	change_token
79	Can delete Token	20	delete_token
80	Can view Token	20	view_token
81	Can add Token	21	add_tokenproxy
82	Can change Token	21	change_tokenproxy
83	Can delete Token	21	delete_tokenproxy
84	Can view Token	21	view_tokenproxy
85	Can add Blacklisted Token	22	add_blacklistedtoken
86	Can change Blacklisted Token	22	change_blacklistedtoken
87	Can delete Blacklisted Token	22	delete_blacklistedtoken
88	Can view Blacklisted Token	22	view_blacklistedtoken
89	Can add Outstanding Token	23	add_outstandingtoken
90	Can change Outstanding Token	23	change_outstandingtoken
91	Can delete Outstanding Token	23	delete_outstandingtoken
92	Can view Outstanding Token	23	view_outstandingtoken
93	Can add perfil usuario	24	add_perfilusuario
94	Can change perfil usuario	24	change_perfilusuario
95	Can delete perfil usuario	24	delete_perfilusuario
96	Can view perfil usuario	24	view_perfilusuario
97	Can add mantencion	25	add_mantencion
98	Can change mantencion	25	change_mantencion
99	Can delete mantencion	25	delete_mantencion
100	Can view mantencion	25	view_mantencion
101	Can add vehiculo de cliente	26	add_vehiculocliente
102	Can change vehiculo de cliente	26	change_vehiculocliente
103	Can delete vehiculo de cliente	26	delete_vehiculocliente
104	Can view vehiculo de cliente	26	view_vehiculocliente
\.


--
-- Data for Name: auth_user; Type: TABLE DATA; Schema: public; Owner: postgres
--

COPY public.auth_user (id, password, last_login, is_superuser, username, first_name, last_name, email, is_staff, is_active, date_joined) FROM stdin;
1	pbkdf2_sha256$1200000$04ZQLoiAcTY8EYch8ejkbA$0I5g6zU6dDWqIFeYGez5cZ3Tx5Kr7cp7yb0F50ahbF8=	\N	f	cmundaca	Cristobal	Mundaca	cristobalmundacavergara@gmail.com	f	t	2026-03-15 11:25:00.10719-03
2	pbkdf2_sha256$1200000$xVohlLlIyY8M7NHolc3TFS$/J5XcofDV1IkMFMFUdZE9RkAUjDDyWsvIZRoaUzbGQw=	\N	t	mundaca				t	t	2026-03-16 08:19:11.007894-03
3	pbkdf2_sha256$1200000$oDcRAhQh6sP0cbFnj2ZAGJ$ct9QA0g4p9pkEiO20eSV3jPSIxb8wdcM5WLcgkuHfEs=	\N	f	cdelanoe	Claudio	Delanoe		t	t	2026-03-16 18:37:36.042812-03
4	!vmQNLjKrvve4F0VcqJWMnozajfabNslMGxhhLma5	\N	f	cristobalmundaca759625	Cristobal	Mundaca		f	t	2026-03-17 22:18:58.269228-03
5	!MSm3hSvEKjrZguyl6ZdQQFC0G5nRAPIzxajiQ9pD	\N	f	mundaca759625	mundaca			f	t	2026-03-17 22:38:24.902456-03
6	!4XjXCkdTttd8jWu0XvzqIWa23MSKal6ni7DXKkR0	\N	f	mundaca7596252	mundaca			f	t	2026-03-17 23:24:24.228007-03
\.


--
-- Data for Name: auth_user_groups; Type: TABLE DATA; Schema: public; Owner: postgres
--

COPY public.auth_user_groups (id, user_id, group_id) FROM stdin;
\.


--
-- Data for Name: auth_user_user_permissions; Type: TABLE DATA; Schema: public; Owner: postgres
--

COPY public.auth_user_user_permissions (id, user_id, permission_id) FROM stdin;
\.


--
-- Data for Name: authtoken_token; Type: TABLE DATA; Schema: public; Owner: postgres
--

COPY public.authtoken_token (key, created, user_id) FROM stdin;
a5cca81ad241f6823e4c69f354096ebe28714a1c	2026-03-15 11:25:01.221238-03	1
\.


--
-- Data for Name: catalogo_categoriamoto; Type: TABLE DATA; Schema: public; Owner: postgres
--

COPY public.catalogo_categoriamoto (id, nombre, slug, descripcion, activa) FROM stdin;
1	Naked	naked		t
2	SPORT	sport		t
3	DUAL SPORT	dual-sport		t
4	ADVENTURE	adventure		t
5	SCOOTER	scooter		t
6	CRUISER	cruiser		t
\.


--
-- Data for Name: catalogo_categoriaproducto; Type: TABLE DATA; Schema: public; Owner: postgres
--

COPY public.catalogo_categoriaproducto (id, nombre, slug, descripcion, activa) FROM stdin;
1	Accesorios Motos	accesorios-para-la-moto		t
2	Indumentaria Rider	indumentaria-rider		t
\.


--
-- Data for Name: catalogo_marca; Type: TABLE DATA; Schema: public; Owner: postgres
--

COPY public.catalogo_marca (id, nombre, slug, url_logo, descripcion, activa, tipo) FROM stdin;
4	4RS	4rs			t	accesorio_moto
2	AIROH	airoh			t	accesorio_rider
5	BELTA	belta			t	accesorio_moto
7	MOTOCENTRIC	motocentric			t	accesorio_moto
6	RHINOWALK	rhinowalk			t	accesorio_moto
3	SHAFT	shaft			t	accesorio_rider
1	VOGE	voge			t	moto
\.


--
-- Data for Name: catalogo_subcategoriaproducto; Type: TABLE DATA; Schema: public; Owner: postgres
--

COPY public.catalogo_subcategoriaproducto (id, nombre, slug, descripcion, activa, categoria_id) FROM stdin;
1	Rampla	rampla		t	1
2	Soportes	soportes		t	1
3	Bolsos	bolsos		t	1
4	Maletas	maletas		t	1
5	Manos libres e Intercomunicadores	manos-libres-e-intercomunicadores		t	2
6	Guantes	guantes		t	2
7	Chaquetas	chaquetas		t	2
8	Pantalones	pantalones		t	2
9	Botas	botas		t	2
10	Protecciones	protecciones		t	2
11	Mascaras	mascaras		t	2
12	Bolsos y Mochilas	bolsos-y-mochilas		t	2
13	Antiparras	antiparras		t	2
14	Para Ellas	para-ellas		t	2
15	Mas Accesorios	mas-accesorios		t	2
16	Cascos	cascos		t	2
\.


--
-- Data for Name: clientes_contactocliente; Type: TABLE DATA; Schema: public; Owner: postgres
--

COPY public.clientes_contactocliente (id, nombre_completo, telefono, email, mensaje, fecha_creacion, moto_id, producto_id) FROM stdin;
\.


--
-- Data for Name: clientes_perfilusuario; Type: TABLE DATA; Schema: public; Owner: postgres
--

COPY public.clientes_perfilusuario (id, telefono, rol, user_id) FROM stdin;
1	+569 4875 9625	admin	3
2	+569 4875 9625	cliente	4
3	+569 4875 9625	cliente	5
4	+569 4875 9625	cliente	6
\.


--
-- Data for Name: core_contactositio; Type: TABLE DATA; Schema: public; Owner: postgres
--

COPY public.core_contactositio (id, instagram, telefono, ubicacion, actualizado_en) FROM stdin;
1	@DelanoeMotos	+56 9 9845 3215	Los Angeles, Chile	2026-03-15 12:14:44.503724-03
\.


--
-- Data for Name: django_admin_log; Type: TABLE DATA; Schema: public; Owner: postgres
--

COPY public.django_admin_log (id, action_time, object_id, object_repr, action_flag, change_message, content_type_id, user_id) FROM stdin;
\.


--
-- Data for Name: django_content_type; Type: TABLE DATA; Schema: public; Owner: postgres
--

COPY public.django_content_type (id, app_label, model) FROM stdin;
1	admin	logentry
2	auth	group
3	auth	permission
4	auth	user
5	contenttypes	contenttype
6	sessions	session
7	catalogo	categoriamoto
8	catalogo	categoriaproducto
9	catalogo	marca
10	catalogo	subcategoriaproducto
11	motos	especificacionmoto
12	motos	imagenmoto
13	motos	moto
14	productos	compatibilidadproductomoto
15	productos	especificacionproducto
16	productos	imagenproducto
17	productos	producto
18	core	contactositio
19	clientes	contactocliente
20	authtoken	token
21	authtoken	tokenproxy
22	token_blacklist	blacklistedtoken
23	token_blacklist	outstandingtoken
24	clientes	perfilusuario
25	mantenciones	mantencion
26	mantenciones	vehiculocliente
\.


--
-- Data for Name: django_migrations; Type: TABLE DATA; Schema: public; Owner: postgres
--

COPY public.django_migrations (id, app, name, applied) FROM stdin;
1	contenttypes	0001_initial	2026-03-15 11:23:10.080749-03
2	auth	0001_initial	2026-03-15 11:23:10.182595-03
3	admin	0001_initial	2026-03-15 11:23:10.209028-03
4	admin	0002_logentry_remove_auto_add	2026-03-15 11:23:10.219169-03
5	admin	0003_logentry_add_action_flag_choices	2026-03-15 11:23:10.226821-03
6	contenttypes	0002_remove_content_type_name	2026-03-15 11:23:10.257547-03
7	auth	0002_alter_permission_name_max_length	2026-03-15 11:23:10.266279-03
8	auth	0003_alter_user_email_max_length	2026-03-15 11:23:10.275438-03
9	auth	0004_alter_user_username_opts	2026-03-15 11:23:10.282831-03
10	auth	0005_alter_user_last_login_null	2026-03-15 11:23:10.290903-03
11	auth	0006_require_contenttypes_0002	2026-03-15 11:23:10.292746-03
12	auth	0007_alter_validators_add_error_messages	2026-03-15 11:23:10.299565-03
13	auth	0008_alter_user_username_max_length	2026-03-15 11:23:10.313549-03
14	auth	0009_alter_user_last_name_max_length	2026-03-15 11:23:10.322985-03
15	auth	0010_alter_group_name_max_length	2026-03-15 11:23:10.331641-03
16	auth	0011_update_proxy_permissions	2026-03-15 11:23:10.33927-03
17	auth	0012_alter_user_first_name_max_length	2026-03-15 11:23:10.347755-03
18	authtoken	0001_initial	2026-03-15 11:23:10.367093-03
19	authtoken	0002_auto_20160226_1747	2026-03-15 11:23:10.393027-03
20	authtoken	0003_tokenproxy	2026-03-15 11:23:10.395409-03
21	authtoken	0004_alter_tokenproxy_options	2026-03-15 11:23:10.400317-03
22	catalogo	0001_initial	2026-03-15 11:23:10.453307-03
23	motos	0001_initial	2026-03-15 11:23:10.513433-03
24	productos	0001_initial	2026-03-15 11:23:10.59966-03
25	clientes	0001_initial	2026-03-15 11:23:10.629069-03
26	core	0001_initial	2026-03-15 11:23:10.636-03
27	sessions	0001_initial	2026-03-15 11:23:10.652543-03
28	motos	0002_rename_moto_nombre_modelo	2026-03-15 11:43:08.017544-03
29	catalogo	0002_marca_tipo	2026-03-15 20:53:35.833089-03
30	catalogo	0003_backfill_marca_tipo	2026-03-15 20:55:07.162329-03
31	token_blacklist	0001_initial	2026-03-15 21:27:53.653082-03
32	token_blacklist	0002_outstandingtoken_jti_hex	2026-03-15 21:27:53.664367-03
33	token_blacklist	0003_auto_20171017_2007	2026-03-15 21:27:53.691515-03
34	token_blacklist	0004_auto_20171017_2013	2026-03-15 21:27:53.709345-03
35	token_blacklist	0005_remove_outstandingtoken_jti	2026-03-15 21:27:53.747786-03
36	token_blacklist	0006_auto_20171017_2113	2026-03-15 21:27:53.763419-03
37	token_blacklist	0007_auto_20171017_2214	2026-03-15 21:27:53.844941-03
38	token_blacklist	0008_migrate_to_bigautofield	2026-03-15 21:27:53.905866-03
39	token_blacklist	0010_fix_migrate_to_bigautofield	2026-03-15 21:27:53.930903-03
40	token_blacklist	0011_linearizes_history	2026-03-15 21:27:53.933889-03
41	token_blacklist	0012_alter_outstandingtoken_user	2026-03-15 21:27:53.944932-03
42	token_blacklist	0013_alter_blacklistedtoken_options_and_more	2026-03-15 21:27:53.959501-03
43	clientes	0002_perfilusuario	2026-03-16 08:55:18.80495-03
44	mantenciones	0001_initial	2026-03-17 21:44:07.351146-03
\.


--
-- Data for Name: django_session; Type: TABLE DATA; Schema: public; Owner: postgres
--

COPY public.django_session (session_key, session_data, expire_date) FROM stdin;
\.


--
-- Data for Name: mantenciones_mantencion; Type: TABLE DATA; Schema: public; Owner: admin_motos
--

COPY public.mantenciones_mantencion (id, fecha_ingreso, kilometraje_ingreso, tipo_mantencion, motivo, diagnostico, trabajo_realizado, costo_total, estado, fecha_entrega, observaciones, created_at, updated_at, moto_cliente_id) FROM stdin;
1	2026-03-24	1010	preventiva	Mantencion preventiva a moto nueva.			0.00	cancelada	\N		2026-03-17 22:18:58.295862-03	2026-03-17 23:13:25.307302-03	1
2	2026-03-17	1001	preventiva	Preventiva			0.00	en_revision	\N		2026-03-17 22:38:24.916452-03	2026-03-17 23:23:33.371798-03	2
3	2026-03-20	101	preventiva	Prevencion			0.00	ingresada	\N		2026-03-17 23:24:24.241555-03	2026-03-17 23:24:24.241565-03	3
\.


--
-- Data for Name: mantenciones_vehiculocliente; Type: TABLE DATA; Schema: public; Owner: admin_motos
--

COPY public.mantenciones_vehiculocliente (id, matricula, marca, modelo, anio, kilometraje_actual, created_at, updated_at, cliente_id) FROM stdin;
1	TKG30	VOGE	R625	2025	1000	2026-03-17 22:18:58.29046-03	2026-03-17 22:18:58.293726-03	4
2	TKG31	VOGE	250RR	2025	1000	2026-03-17 22:38:24.913795-03	2026-03-17 22:38:24.915177-03	5
3	TKG32	VOGE	300DS	2026	100	2026-03-17 23:24:24.238283-03	2026-03-17 23:24:24.240228-03	6
\.


--
-- Data for Name: motos_especificacionmoto; Type: TABLE DATA; Schema: public; Owner: postgres
--

COPY public.motos_especificacionmoto (id, clave, valor, moto_id) FROM stdin;
\.


--
-- Data for Name: motos_imagenmoto; Type: TABLE DATA; Schema: public; Owner: postgres
--

COPY public.motos_imagenmoto (id, imagen, texto_alternativo, orden, moto_id) FROM stdin;
\.


--
-- Data for Name: motos_moto; Type: TABLE DATA; Schema: public; Owner: postgres
--

COPY public.motos_moto (id, modelo, slug, descripcion, precio, cilindrada, anio, stock, imagen_principal, es_destacada, activa, fecha_creacion, categoria_id, marca_id) FROM stdin;
1	250RR	250rr	Experimenta la adrenalina sobre la Voge 250RR, la sportbike que redefine la emoción en cada curva. Con su potente motor de 21,5 kW y embrague antirretroceso, domina la carretera con un manejo ágil y un estilo agresivo. Su diseño full carenado, iluminación LED y tablero digital te brindan tecnología y presencia, invitándote a vivir tu pasión por las dos ruedas al máximo.	3690000.00	248	2026	5	motos/250rr_Ik81MKW.jpg	t	t	2026-03-15 20:58:18.377483-03	2	1
2	RR660S	rr660s	La Voge RR660S es una deportiva de alta energía con motor de 4 cilindros en línea de 662,8 cc y 99 HP, diseñada para quienes buscan potencia, velocidad y estilo. Cuenta con tecnología avanzada como ABS Bosch desactivable, control de tracción (TCS), cambio rápido y suspensiones Kayaba para un manejo preciso y seguro. Su diseño aerodinámico con detalles inspirados en MotoGP y equipamiento full LED la convierten en una moto que destaca tanto en ruta como en pista.	8490000.00	663	2026	5	motos/RR660S.png	t	t	2026-03-15 21:01:32.294866-03	2	1
3	AC350	ac350	La agilidad urbana y el diseño Neo-Retro se fusionan en la nueva Voge AC350. Siente la potencia de su nuevo motor bicilíndrico, diseñado para regalarte una sonrisa en cada aceleración. Su increíble ligereza y componentes de primer nivel te ofrecen un manejo divertido y preciso, ideal para conquistar la ciudad con carácter. Una moto que no solo te lleva, sino que te inspira a vivir cada viaje al máximo.	4590000.00	322	2026	5	motos/AC350.png	t	t	2026-03-15 21:03:02.475206-03	1	1
4	AC252	ac252	La Voge AC525 representa el concepto Clásico Avanzado, uniendo la elegancia atemporal del diseño retro con tecnología de vanguardia. Su motor bicilíndrico KEL500F entrega potencia suave y control preciso, complementado por suspensiones KYB regulables y frenos Nissin que aseguran confianza en cada ruta. Equipamiento como iluminación LED, pantalla TFT con conectividad móvil y monitor de presión de neumáticos, junto a un asiento de cuero, hacen de cada viaje una experiencia única y cómoda.	5990000.00	494	2026	5	motos/AC525.png	t	t	2026-03-15 21:04:29.984169-03	1	1
5	R625	r625	La Voge R625 es la compañera ideal para quienes buscan libertad y estilo en cada trayecto urbano. Su motor bicilíndrico ofrece una potencia suave y dinámica, mientras que su diseño ágil y moderno te permite dominar la ciudad con total confianza. Equipada con suspensiones KYB, frenos con ABS y control de tracción, este modelo garantiza seguridad y control para que disfrutes cada viaje al máximo, sin límites ni compromisos.	6590000.00	581	2026	5	motos/R625.png	t	t	2026-03-15 21:07:08.452836-03	1	1
6	300 RALLY	300-rally	Revive la esencia del trail con la Voge 300 Rally, una motocicleta que te invita a desafiar cualquier camino. Su potente motor de 292,4 cc y su diseño ligero te brindan la agilidad que necesitas tanto en el asfalto como en sendero off-road. Las suspensiones de largo recorrido y las llantas todoterreno de 21" y 18" te permitirán superar cualquier obstáculo con total confianza. Equipada con ABS desconectable, esta moto se adapta a tu estilo de manejo, ofreciéndote seguridad y control en cada aventura. Siente la libertad de explorar sin límites y redescubre la pasión por las dos ruedas.	3650000.00	292	2026	5	motos/300RALLY.png	t	t	2026-03-15 21:08:15.979114-03	3	1
7	300DS	300ds	No te conformes con un solo camino, conquístalos todos. La Voge 300DS es la moto trail aventura que combina versatilidad para tu día a día en la ciudad y la robustez para escapadas de largo recorrido. Su motor de 292 cc te ofrece una potencia de 21 kW, ideal para sentir la libertad en cada trayecto. Con un diseño multipropósito, horquilla invertida y frenos ABS, esta moto está lista para brindarte comodidad y seguridad, sin importar el destino.	3590000.00	292	2026	5	motos/300DS.png	t	t	2026-03-15 21:10:08.182696-03	4	1
8	300DS SE	300ds-se	Más equipada, más cómoda, más inteligente. La 300DS SE eleva el ADN trail de Voge combinando su motor de 292 cc, sus suspensiones de largo recorrido y sus tradicionales frenos ABS con nuevos componentes: panel digital renovado, manillas y asientos calefactables, cubre puños y mandos rediseñados para ofrecer mayor confort y control en cualquier ruta.	4590000.00	292	2026	5	motos/300DS-SE.png	t	t	2026-03-15 21:11:19.175069-03	4	1
9	DS625X	ds625x	Diseñada para ser tu aliada en cualquier terreno, la Voge DS625 X combina un diseño robusto con tecnología de punta. Su potente motor de 581 cc y 63 HP te entregará la fuerza necesaria para conquistar tanto la carretera como los caminos off-road. Equipada con suspensiones KYB ajustables, frenos Nissin con ABS desconectable y control de tracción, tendrás el dominio total en cada ruta. Su avanzada pantalla LCD con navegación te guiará hacia nuevos horizontes.	6990000.00	581	2026	5	motos/DS625X.png	t	t	2026-03-15 21:12:49.521772-03	4	1
10	DS800X-RALLY	ds800x-rally	Atrévete a explorar sin límites con la Voge DS800X Rally, una trail de espíritu aventurero diseñada para dominar cualquier terreno. Su motor bicilíndrico ofrece potencia y versatilidad, mientras que las suspensiones ajustables y frenos de alta calidad aseguran un control confiable. Con neumáticos Pirelli, pantalla TFT y gran autonomía, esta moto está lista para acompañarte en cada aventura, sin que nada te detenga.	8990000.00	798	2026	5	motos/DS800X-RALLY.png	t	t	2026-03-15 21:14:25.147628-03	4	1
11	DS900X	ds900x	La Voge DS 900X está equipada con un potente motor bicilíndrico en línea de 895 cc. Cuenta con culatas DOHC de ocho válvulas, eje de equilibrado y embrague antirrebote. Este propulsor entrega una potencia máxima de 96,5 HP a 8250 rpm y un par motor de 95 Nm a 6250 rpm. Incluye además cambio rápido QSS tanto de subida como bajada, mejorando notablemente la experiencia de conducción.	9990000.00	895	2026	5	motos/DS900X.png	t	t	2026-03-15 21:15:40.396722-03	4	1
12	SR150GT	sr150gt	La Voge SR150GT redefine lo que un scooter puede ofrecer. Con su motor de 10,5 kW, el más potente de su categoría, combina elegancia y rendimiento para acompañarte en cada trayecto. Incorpora tecnologías de última generación como ABS de doble canal, sistema Stop-Start, inyección electrónica y control de tracción, junto a comodidades como acceso sin llave (keyless), amplio espacio de carga y cargadores USB y 12V. Ideal para quienes buscan moverse con seguridad y total practicidad en la ciudad.	2990000.00	150	2026	5	motos/SR150GT.png	t	t	2026-03-15 21:18:06.310535-03	5	1
13	SR3	sr3	Prepárate para una experiencia de conducción inigualable con la Voge SR3. Con un motor monocilíndrico de 25,5 HP y 23 Nm de par máximo, disfrutarás de una respuesta enérgica y un manejo ágil gracias a su contenido peso de 165 kg. Su diseño dinámico y confort superior te invitan a explorar cada rincón, mientras que su equipamiento moderno, incluyendo iluminación LED y un panel LCD, elevan tu experiencia de conducción.	4390000.00	244	2026	5	motos/SR3.png	t	t	2026-03-15 21:18:58.559995-03	5	1
14	CU250	cu250	Descubre la Voge CU250, la cruiser que redefine la libertad. Con un potente motor bicilíndrico V-Twin de 249,9 cc, 26,8 HP y 6 velocidades, te ofrece una experiencia de conducción vibrante y un sonido inconfundible. Su diseño clásico y detalles modernos invitan a destacar, mientras que su equipamiento avanzado garantiza comodidad y seguridad en cada ruta.	3990000.00	250	2026	5	motos/CU250.png	t	t	2026-03-15 21:20:20.742576-03	6	1
\.


--
-- Data for Name: productos_compatibilidadproductomoto; Type: TABLE DATA; Schema: public; Owner: postgres
--

COPY public.productos_compatibilidadproductomoto (id, moto_id, producto_id) FROM stdin;
\.


--
-- Data for Name: productos_especificacionproducto; Type: TABLE DATA; Schema: public; Owner: postgres
--

COPY public.productos_especificacionproducto (id, clave, valor, producto_id) FROM stdin;
\.


--
-- Data for Name: productos_imagenproducto; Type: TABLE DATA; Schema: public; Owner: postgres
--

COPY public.productos_imagenproducto (id, imagen, texto_alternativo, orden, producto_id) FROM stdin;
\.


--
-- Data for Name: productos_producto; Type: TABLE DATA; Schema: public; Owner: postgres
--

COPY public.productos_producto (id, nombre, slug, descripcion, precio, stock, imagen_principal, es_destacado, activo, requiere_compatibilidad, fecha_creacion, marca_id, subcategoria_id) FROM stdin;
2	CASCO AIROH COMMANDER 2 REVEAL ROJO FLUOR MATE	casco-airoh-commander-2-reveal-rojo-fluor-mate	Casco de estilo Trail con calota fabricada en carbono compuesto de alta resistencia y ligereza. Incorpora la tecnología ASN y el sistema de fácil extracción A.E.F.R. El sistema de ventilación destaca por su diseño probado en el túnel de viento. Amplia pantalla resistente a los arañazos y rayos UV. Incorpora visor solar interior y visera desmontable. Cierre de doble hebilla.	593990.00	5	productos/Casco_Airoh_Commander_2_Reveal_Rojo_Fluor_Mate_UXpLtPH.webp	f	t	f	2026-03-16 21:02:39.054329-03	2	16
4	Casco Airoh Commander 2 Reveal Azul Rojo Brillo	casco-airoh-commander-2-reveal-azul-rojo-brillo	Casco de estilo Trail con calota fabricada en carbono compuesto de alta resistencia y ligereza. Incorpora la tecnología ASN y el sistema de fácil extracción A.E.F.R. El sistema de ventilación destaca por su diseño probado en el túnel de viento. Amplia pantalla resistente a los arañazos y rayos UV. Incorpora visor solar interior y visera desmontable. Cierre de doble hebilla.	593990.00	5	productos/Casco_Airoh_Commander_2_Reveal_Azul_Rojo_Brillo_0616f9ef-3cef-4fa7-9a8e-664707506610.webp	f	t	f	2026-03-16 21:04:35.757915-03	2	16
3	CASCO AIROH COMMANDER 2 REVEAL MILITAR VERDE MATE	casco-airoh-commander-2-reveal-militar-verde-mate	Casco de estilo Trail con calota fabricada en carbono compuesto de alta resistencia y ligereza. Incorpora la tecnología ASN y el sistema de fácil extracción A.E.F.R. El sistema de ventilación destaca por su diseño probado en el túnel de viento. Amplia pantalla resistente a los arañazos y rayos UV. Incorpora visor solar interior y visera desmontable. Cierre de doble hebilla.	593990.00	5	productos/Casco_Airoh_Commander_2_Reveal_military_verde_Mate.webp	f	t	f	2026-03-16 21:03:58.134604-03	2	16
5	Casco Airoh Matryx Rocket Azul/Rojo Brillo	casco-airoh-matryx-rocket-azul-rojo-brillo	Casco deportivo e integral fabricado en compuesto de carbono de alta resistencia y ligereza con spoiler trasero para una mayor aerodinámica. Dispone de una amplia pantalla resistente a los arañazos y rayos UV que se completa con los sistemas A3S (Airoh Automatic Antifog System) y sistema de bloqueo. Incorpora el sistema ATVR (Airoh Tool-less Visor Removal) para poder desmontar la pantalla fácilmente. El sistema de ventilación se compone de entradas de aire en la zona superior y salidas en la parte trasera para una eficiente aireación. Cierre mediante DD Ring (doble hebilla metálica).	479990.00	5	productos/Airoh_Matryx_Rocket_rojo_azul_brillo_1.webp	f	t	f	2026-03-16 23:09:28.844195-03	2	16
6	Casco de Moto Airoh Specktre Blanco Brillo	casco-de-moto-airoh-specktre-blanco-brillo	Diseño atractivo con gráficos coloridos, estilo y funcionalidad se unen para dar vida a un casco 2 en 1 capaz de adecuarse a cualquier contexto, desde el commuting urbano hasta el moto turismo más aventurero. Su amplia pantalla principal regala una visibilidad que te permitirá captar cada detalle a tu alrededor, y el equipamiento técnico es de primera clase: doble homologación P/J, que permite el uso tanto cerrado como abierto, calota externa de HRT (High Resistant Thermoplastic), Sun Visor integrado, Communication System Ready, cierre micrométrico, Pinlock® 70 y Stop Wind.	359990.00	5	productos/Airoh_Specktre_blanco_1.webp	f	t	f	2026-03-16 23:10:24.698881-03	2	16
7	Casco Airoh Matryx Negro Mate	casco-airoh-matryx-negro-mate	Casco deportivo e integral fabricado en compuesto de carbono de alta resistencia y ligereza con spoiler trasero para una mayor aerodinámica. Dispone de una amplia pantalla resistente a los arañazos y rayos UV que se completa con los sistemas A3S (Airoh Automatic Antifog System) y sistema de bloqueo. Incorpora el sistema ATVR (Airoh Tool-less Visor Removal) para poder desmontar la pantalla fácilmente. El sistema de ventilación se compone de entradas de aire en la zona superior y salidas en la parte trasera para una eficiente aireación. Cierre mediante DD Ring (doble hebilla metálica).	479990.00	5	productos/Airoh_Matryx_Negro_Mate_1.webp	f	t	f	2026-03-16 23:11:06.795421-03	2	16
8	Casco Airoh Matryx Rocket Rosado Mate	casco-airoh-matryx-rocket-rosado-mate	Casco deportivo e integral fabricado en compuesto de carbono de alta resistencia y ligereza con spoiler trasero para una mayor aerodinámica. Dispone de una amplia pantalla resistente a los arañazos y rayos UV que se completa con los sistemas A3S (Airoh Automatic Antifog System) y sistema de bloqueo. Incorpora el sistema ATVR (Airoh Tool-less Visor Removal) para poder desmontar la pantalla fácilmente. El sistema de ventilación se compone de entradas de aire en la zona superior y salidas en la parte trasera para una eficiente aireación. Cierre mediante DD Ring (doble hebilla metálica).	479990.00	5	productos/Airoh_Connor_Achieve_Rosado_1.webp	f	t	f	2026-03-16 23:11:54.268378-03	2	16
9	Casco Airoh Commander 2 Negro Mate	casco-airoh-commander-2-negro-mate	Casco de estilo Trail con calota fabricada en carbono compuesto de alta resistencia y ligereza. Incorpora la tecnología ASN y el sistema de fácil extracción A.E.F.R. El sistema de ventilación destaca por su diseño probado en el túnel de viento. Amplia pantalla resistente a los arañazos y rayos UV. Incorpora visor solar interior y visera desmontable. Cierre de doble hebilla.	593990.00	5	productos/Casco_Airoh_Commander_2_Negro_Mate.webp	f	t	f	2026-03-16 23:13:30.362328-03	2	16
10	Casco Airoh Commander 2 Carbono Brillo	casco-airoh-commander-2-carbono-brillo	Casco de estilo Trail con calota fabricada en full carbono 6K de alta resistencia y ligereza. Incorpora la tecnología ASN y el sistema de fácil extracción A.E.F.R. El sistema de ventilación destaca por su diseño probado en el túnel de viento. Amplia pantalla resistente a los arañazos y rayos UV. Incorpora visor solar interior y visera desmontable. Cierre de doble hebilla.	769990.00	5	productos/Airoh_Commander_carbono_1.webp	f	t	f	2026-03-16 23:14:11.754564-03	2	16
11	Casco Airoh Spark 2 Negro Mate	casco-airoh-spark-2-negro-mate	Casco integral con aspecto deportivo, su calota está fabricada en resina termoplástica HRT (High Resistant Thermoplastic) de alta resistencia y ligereza. Amplia pantalla resistente a los arañazos y rayos UV con predisposición para Pinlock®. Incorpora la tecnología ASN (Airoh Sliding Net) y el sistema ATVR (Airoh Tool-less Visor Removal) para poderla desmontar fácilmente. El sistema de ventilación se compone de entradas de aire en la zona superior y salidas en la parte trasera. Cierre micrométrico. ECE22.06	299990.00	5	productos/Airoh_Spark_2_Negro_mate_2.webp	f	t	f	2026-03-16 23:14:51.348918-03	2	16
12	Casco Airoh Matryx Scope Amarillo Mate	casco-airoh-matryx-scope-amarillo-mate	Casco deportivo e integral fabricado en compuesto de carbono de alta resistencia y ligereza con spoiler trasero para una mayor aerodinámica. Dispone de una amplia pantalla resistente a los arañazos y rayos UV que se completa con los sistemas A3S (Airoh Automatic Antifog System) y sistema de bloqueo. Incorpora el sistema ATVR (Airoh Tool-less Visor Removal) para poder desmontar la pantalla fácilmente. El sistema de ventilación se compone de entradas de aire en la zona superior y salidas en la parte trasera para una eficiente aireación. Cierre mediante DD Ring (doble hebilla metálica).	479990.00	5	productos/Airoh_Matryx_Rocket_Scope_amarillo_1.webp	f	t	f	2026-03-16 23:17:10.647826-03	2	16
13	Casco Airoh Spark 2 Zenith Rosado Mate	casco-airoh-spark-2-zenith-rosado-mate	Casco integral con aspecto deportivo, su calota está fabricada en resina termoplástica HRT (High Resistant Thermoplastic) de alta resistencia y ligereza. Amplia pantalla resistente a los arañazos y rayos UV con predisposición para Pinlock®. Incorpora la tecnología ASN (Airoh Sliding Net) y el sistema ATVR (Airoh Tool-less Visor Removal) para poderla desmontar fácilmente. El sistema de ventilación se compone de entradas de aire en la zona superior y salidas en la parte trasera. Cierre micrométrico. ECE22.06	299990.00	5	productos/Airoh_Spark_2_zenith_Rosado_mate_1.webp	f	t	f	2026-03-16 23:18:06.392748-03	2	16
14	Casco Airoh Connor Omega Mate	casco-airoh-connor-omega-mate	Casco con calota fabricada de resina termoplástica HRT (High Resistant Thermoplastic) de alta resistencia y ligereza. Tiene una amplia pantalla que se puede desmontar sin necesidad de herramientas y que es resistente a los arañazos y rayos UV. El sistema de ventilación se compone de dos entradas de aire en la zona superior y salidas en la parte trasera. Cierre micrométrico.	179990.00	5	productos/Airoh_Connor_Omega_1.webp	f	t	f	2026-03-16 23:18:42.488074-03	2	16
15	Casco Airoh Spark 2 Dart Azul/Rojo	casco-airoh-spark-2-dart-azul-rojo	Casco integral con aspecto deportivo, su calota está fabricada en resina termoplástica HRT (High Resistant Thermoplastic) de alta resistencia y ligereza. Amplia pantalla resistente a los arañazos y rayos UV con predisposición para Pinlock®. Incorpora la tecnología ASN (Airoh Sliding Net) y el sistema ATVR (Airoh Tool-less Visor Removal) para poderla desmontar fácilmente. El sistema de ventilación se compone de entradas de aire en la zona superior y salidas en la parte trasera. Cierre micrométrico. ECE22.06	299990.00	5	productos/Airoh_Spark_2_Dart_azul_rojo_1.webp	f	t	f	2026-03-16 23:19:11.814662-03	2	16
16	Casco Airoh Connor Achieve Naranjo Mate	casco-airoh-connor-achieve-naranjo-mate	Casco con calota fabricada de resina termoplástica HRT (High Resistant Thermoplastic) de alta resistencia y ligereza. Tiene una amplia pantalla que se puede desmontar sin necesidad de herramientas y que es resistente a los arañazos y rayos UV. El sistema de ventilación se compone de dos entradas de aire en la zona superior y salidas en la parte trasera. Cierre micrométrico.	179990.00	5	productos/Airoh_Connor_Achieve_naranjo_1.webp	f	t	f	2026-03-16 23:21:50.346368-03	2	16
17	Casco Airoh Connor Negro Mate	casco-airoh-connor-negro-mate	Casco con calota fabricada de resina termoplástica HRT (High Resistant Thermoplastic) de alta resistencia y ligereza. Tiene una amplia pantalla que se puede desmontar sin necesidad de herramientas y que es resistente a los arañazos y rayos UV. El sistema de ventilación se compone de dos entradas de aire en la zona superior y salidas en la parte trasera. Cierre micrométrico.	179990.00	5	productos/Airoh_Connor_Negro__mate_1.webp	f	t	f	2026-03-16 23:22:17.475368-03	2	16
18	Casco Airoh Connor Achieve Rosado Mate	casco-airoh-connor-achieve-rosado-mate	Casco con calota fabricada de resina termoplástica HRT (High Resistant Thermoplastic) de alta resistencia y ligereza. Tiene una amplia pantalla que se puede desmontar sin necesidad de herramientas y que es resistente a los arañazos y rayos UV. El sistema de ventilación se compone de dos entradas de aire en la zona superior y salidas en la parte trasera. Cierre micrométrico.	179990.00	5	productos/Airoh_Connor_Achieve_Rosado_1_d58lEDC.webp	f	t	f	2026-03-16 23:22:47.233007-03	2	16
19	Casco Airoh Matryx Rocket Naranjo Mate	casco-airoh-matryx-rocket-naranjo-mate	Casco deportivo e integral fabricado en compuesto de carbono de alta resistencia y ligereza con spoiler trasero para una mayor aerodinámica. Dispone de una amplia pantalla resistente a los arañazos y rayos UV que se completa con los sistemas A3S (Airoh Automatic Antifog System) y sistema de bloqueo. Incorpora el sistema ATVR (Airoh Tool-less Visor Removal) para poder desmontar la pantalla fácilmente. El sistema de ventilación se compone de entradas de aire en la zona superior y salidas en la parte trasera para una eficiente aireación. Cierre mediante DD Ring (doble hebilla metálica).	479990.00	5	productos/Airoh_Matryx_Rocket_Orange_1.webp	f	t	f	2026-03-16 23:23:16.41071-03	2	16
20	Casco Airoh Commander 2 Reveal Azul Brillo	casco-airoh-commander-2-reveal-azul-brillo	Casco de estilo Trail con calota fabricada en carbono compuesto de alta resistencia y ligereza. Incorpora la tecnología ASN y el sistema de fácil extracción A.E.F.R. El sistema de ventilación destaca por su diseño probado en el túnel de viento. Amplia pantalla resistente a los arañazos y rayos UV. Incorpora visor solar interior y visera desmontable. Cierre de doble hebilla.	593990.00	5	productos/Casco_Airoh_Commander_2_Reveal_Azul_Rojo_Brillo.webp	f	t	f	2026-03-16 23:23:46.601048-03	2	16
21	Casco Airoh Matryx Rocket Rojo Brillo	casco-airoh-matryx-rocket-rojo-brillo	Casco deportivo e integral fabricado en compuesto de carbono de alta resistencia y ligereza con spoiler trasero para una mayor aerodinámica. Dispone de una amplia pantalla resistente a los arañazos y rayos UV que se completa con los sistemas A3S (Airoh Automatic Antifog System) y sistema de bloqueo. Incorpora el sistema ATVR (Airoh Tool-less Visor Removal) para poder desmontar la pantalla fácilmente. El sistema de ventilación se compone de entradas de aire en la zona superior y salidas en la parte trasera para una eficiente aireación. Cierre mediante DD Ring (doble hebilla metálica).	479990.00	5	productos/Airoh_Matryx_Rocket_rojo_1.webp	f	t	f	2026-03-16 23:24:14.05374-03	2	16
22	Casco Airoh Commander 2 Mavick Naranjo Mate	casco-airoh-commander-2-mavick-naranjo-mate	Casco de estilo Trail con calota fabricada en carbono compuesto de alta resistencia y ligereza. Incorpora la tecnología ASN y el sistema de fácil extracción A.E.F.R. El sistema de ventilación destaca por su diseño probado en el túnel de viento. Amplia pantalla resistente a los arañazos y rayos UV. Incorpora visor solar interior y visera desmontable. Cierre de doble hebilla.	593990.00	5	productos/Casco_Airoh_Commander_2_Mavick_Naranjo_Mate.webp	f	t	f	2026-03-16 23:24:48.039587-03	2	16
23	Casco para moto Airoh Bandit Negro Mate	casco-para-moto-airoh-bandit-negro-mate	El Casco Airoh Bandit es la elección definitiva para el motociclista que no se conforma con lo convencional. Inspirado en el diseño clásico pero fabricado con tecnología del futuro, este casco tipo Open Face redefine lo que significa rodar con estilo por la ciudad.	379990.00	5	productos/Bandit_Negro_Mate_1.webp	f	t	f	2026-03-16 23:25:58.903341-03	2	16
24	Casco para moto Airoh Bandit Spicy Gris Brillo	casco-para-moto-airoh-bandit-spicy-gris-brillo	El Casco Airoh Bandit es la elección definitiva para el motociclista que no se conforma con lo convencional. Inspirado en el diseño clásico pero fabricado con tecnología del futuro, este casco tipo Open Face redefine lo que significa rodar con estilo por la ciudad.	379990.00	5	productos/Bandit_Spicy_Gris_1_0490dbb8-c134-4608-9c03-6508a6771689.webp	f	t	f	2026-03-16 23:27:08.229631-03	2	16
25	Casco Airoh Matryx Scope Light Azul/Rojo Brillo	casco-airoh-matryx-scope-light-azul-rojo-brillo	Casco deportivo e integral fabricado en compuesto de carbono de alta resistencia y ligereza con spoiler trasero para una mayor aerodinámica. Dispone de una amplia pantalla resistente a los arañazos y rayos UV que se completa con los sistemas A3S (Airoh Automatic Antifog System) y sistema de bloqueo. Incorpora el sistema ATVR (Airoh Tool-less Visor Removal) para poder desmontar la pantalla fácilmente. El sistema de ventilación se compone de entradas de aire en la zona superior y salidas en la parte trasera para una eficiente aireación. Cierre mediante DD Ring (doble hebilla metálica).	479990.00	5	productos/Airoh_Matryx_Rocket_Scope_light_azul_rojo_1.webp	f	t	f	2026-03-16 23:27:40.417691-03	2	16
26	Casco Airoh Spark 2 Cement Gris Brillo	casco-airoh-spark-2-cement-gris-brillo	Casco integral con aspecto deportivo, su calota está fabricada en resina termoplástica HRT (High Resistant Thermoplastic) de alta resistencia y ligereza. Amplia pantalla resistente a los arañazos y rayos UV con predisposición para Pinlock®. Incorpora la tecnología ASN (Airoh Sliding Net) y el sistema ATVR (Airoh Tool-less Visor Removal) para poderla desmontar fácilmente. El sistema de ventilación se compone de entradas de aire en la zona superior y salidas en la parte trasera. Cierre micrométrico. ECE22.06	299990.00	5	productos/Airoh_Spark_2_Cement_1.webp	f	t	f	2026-03-16 23:28:04.914738-03	2	16
27	Casco Airoh Connor Achieve Azul Brillo	casco-airoh-connor-achieve-azul-brillo	Casco con calota fabricada de resina termoplástica HRT (High Resistant Thermoplastic) de alta resistencia y ligereza. Tiene una amplia pantalla que se puede desmontar sin necesidad de herramientas y que es resistente a los arañazos y rayos UV. El sistema de ventilación se compone de dos entradas de aire en la zona superior y salidas en la parte trasera. Cierre micrométrico.	179990.00	5	productos/Airoh_Connor_Achieve_azul_1.webp	f	t	f	2026-03-16 23:28:32.393893-03	2	16
28	Casco Airoh Matryx Scope Light Gris Brillo	casco-airoh-matryx-scope-light-gris-brillo	Casco deportivo e integral fabricado en compuesto de carbono de alta resistencia y ligereza con spoiler trasero para una mayor aerodinámica. Dispone de una amplia pantalla resistente a los arañazos y rayos UV que se completa con los sistemas A3S (Airoh Automatic Antifog System) y sistema de bloqueo. Incorpora el sistema ATVR (Airoh Tool-less Visor Removal) para poder desmontar la pantalla fácilmente. El sistema de ventilación se compone de entradas de aire en la zona superior y salidas en la parte trasera para una eficiente aireación. Cierre mediante DD Ring (doble hebilla metálica).	479990.00	5	productos/Airoh_Matryx_Rocket_Scope_light_grey_1.webp	f	t	f	2026-03-16 23:29:06.500184-03	2	16
29	Casco Airoh Spark 2 Dart Amarillo Brillo	casco-airoh-spark-2-dart-amarillo-brillo	Casco integral con aspecto deportivo, su calota está fabricada en resina termoplástica HRT (High Resistant Thermoplastic) de alta resistencia y ligereza. Amplia pantalla resistente a los arañazos y rayos UV con predisposición para Pinlock®. Incorpora la tecnología ASN (Airoh Sliding Net) y el sistema ATVR (Airoh Tool-less Visor Removal) para poderla desmontar fácilmente. El sistema de ventilación se compone de entradas de aire en la zona superior y salidas en la parte trasera. Cierre micrométrico. ECE22.06	299990.00	5	productos/Airoh_Spark_2_Dart_Amarillo_1.webp	f	t	f	2026-03-16 23:29:31.05037-03	2	16
30	Casco Airoh Spark 2 Dart Rojo Brillo	casco-airoh-spark-2-dart-rojo-brillo	Casco integral con aspecto deportivo, su calota está fabricada en resina termoplástica HRT (High Resistant Thermoplastic) de alta resistencia y ligereza. Amplia pantalla resistente a los arañazos y rayos UV con predisposición para Pinlock®. Incorpora la tecnología ASN (Airoh Sliding Net) y el sistema ATVR (Airoh Tool-less Visor Removal) para poderla desmontar fácilmente. El sistema de ventilación se compone de entradas de aire en la zona superior y salidas en la parte trasera. Cierre micrométrico. ECE22.06	299990.00	5	productos/Airoh_Spark_2_Dart_rojo_1.webp	f	t	f	2026-03-16 23:30:07.919499-03	2	16
31	Casco Airoh Bandit Tune Azul Rojo Brillo	casco-airoh-bandit-tune-azul-rojo-brillo	El Casco Airoh Bandit es la elección definitiva para el motociclista que no se conforma con lo convencional. Inspirado en el diseño clásico pero fabricado con tecnología del futuro, este casco tipo Open Face redefine lo que significa rodar con estilo por la ciudad.	379990.00	5	productos/Airoh_Bandit_Tune_Azul_Rojo_1.webp	f	t	f	2026-03-16 23:30:47.974648-03	2	16
32	Casco de Moto Airoh Specktre Negro Mate	casco-de-moto-airoh-specktre-negro-mate	Diseño atractivo con gráficos coloridos, estilo y funcionalidad se unen para dar vida a un casco 2 en 1 capaz de adecuarse a cualquier contexto, desde el commuting urbano hasta el moto turismo más aventurero. Su amplia pantalla principal regala una visibilidad que te permitirá captar cada detalle a tu alrededor, y el equipamiento técnico es de primera clase: doble homologación P/J, que permite el uso tanto cerrado como abierto, calota externa de HRT (High Resistant Thermoplastic), Sun Visor integrado, Communication System Ready,	359990.00	5	productos/Airoh_Specktre_negro_1.webp	f	t	f	2026-03-16 23:31:23.469758-03	2	16
33	Casco Airoh Connor Cement Gris Brillo	casco-airoh-connor-cement-gris-brillo	Casco con calota fabricada de resina termoplástica HRT (High Resistant Thermoplastic) de alta resistencia y ligereza. Tiene una amplia pantalla que se puede desmontar sin necesidad de herramientas y que es resistente a los arañazos y rayos UV. El sistema de ventilación se compone de dos entradas de aire en la zona superior y salidas en la parte trasera. Cierre micrométrico.	179990.00	5	productos/Airoh_Connor_cement_gris_1.webp	f	t	f	2026-03-16 23:31:53.056254-03	2	16
34	Casco Airoh Spark 2 Chrono Naranjo Brillo	casco-airoh-spark-2-chrono-naranjo-brillo	Casco integral con aspecto deportivo, su calota está fabricada en resina termoplástica HRT (High Resistant Thermoplastic) de alta resistencia y ligereza. Amplia pantalla resistente a los arañazos y rayos UV con predisposición para Pinlock®. Incorpora la tecnología ASN (Airoh Sliding Net) y el sistema ATVR (Airoh Tool-less Visor Removal) para poderla desmontar fácilmente. El sistema de ventilación se compone de entradas de aire en la zona superior y salidas en la parte trasera. Cierre micrométrico. ECE22.06	299990.00	5	productos/Airoh_Spark_2_Chrono_naranjo_1.webp	f	t	f	2026-03-16 23:32:17.875932-03	2	16
35	Casco de Moto Airoh Specktre Cement Gris Brillo	casco-de-moto-airoh-specktre-cement-gris-brillo	Diseño atractivo con gráficos coloridos, estilo y funcionalidad se unen para dar vida a un casco 2 en 1 capaz de adecuarse a cualquier contexto, desde el commuting urbano hasta el moto turismo más aventurero. Su amplia pantalla principal regala una visibilidad que te permitirá captar cada detalle a tu alrededor, y el equipamiento técnico es de primera clase: doble homologación P/J, que permite el uso tanto cerrado como abierto, calota externa de HRT (High Resistant Thermoplastic), Sun Visor integrado, Communication System Ready, cierre micrométrico, Pinlock® 70 y Stop Wind.	359990.00	5	productos/Airoh_Specktre_cement_grey_1.webp	f	t	f	2026-03-16 23:32:42.944653-03	2	16
36	Casco Airoh Bandit Spicy Rojo Brillo	casco-airoh-bandit-spicy-rojo-brillo	El Casco Airoh Bandit es la elección definitiva para el motociclista que no se conforma con lo convencional. Inspirado en el diseño clásico pero fabricado con tecnología del futuro, este casco tipo Open Face redefine lo que significa rodar con estilo por la ciudad.	379990.00	5	productos/Bandit_Spicy_Rojo_1_67dc0664-6f81-4a44-b18a-0c5a941b8664.webp	f	t	f	2026-03-16 23:33:20.217879-03	2	16
37	Casco de Moto Airoh Specktre Groove Gris Brillo	casco-de-moto-airoh-specktre-groove-gris-brillo	Diseño atractivo con gráficos coloridos, estilo y funcionalidad se unen para dar vida a un casco 2 en 1 capaz de adecuarse a cualquier contexto, desde el commuting urbano hasta el moto turismo más aventurero. Su amplia pantalla principal regala una visibilidad que te permitirá captar cada detalle a tu alrededor, y el equipamiento técnico es de primera clase: doble homologación P/J, que permite el uso tanto cerrado como abierto, calota externa de HRT (High Resistant Thermoplastic), Sun Visor integrado, Communication System Ready, cierre micrométrico, Pinlock® 70 y Stop Wind.	359990.00	5	productos/Airoh_Specktre_Groove_gris_brillo.webp	f	t	f	2026-03-16 23:33:48.594116-03	2	16
38	Casco Airoh Bandit Horn Blanco brillo	casco-airoh-bandit-horn-blanco-brillo	El Casco Airoh Bandit es la elección definitiva para el motociclista que no se conforma con lo convencional. Inspirado en el diseño clásico pero fabricado con tecnología del futuro, este casco tipo Open Face redefine lo que significa rodar con estilo por la ciudad.	379990.00	5	productos/Bandit_Horn_Blanco_1.webp	f	t	f	2026-03-16 23:34:21.342954-03	2	16
39	Casco Airoh Spark 2 Dart Militar Verde Mate	casco-airoh-spark-2-dart-militar-verde-mate	Casco integral con aspecto deportivo, su calota está fabricada en resina termoplástica HRT (High Resistant Thermoplastic) de alta resistencia y ligereza. Amplia pantalla resistente a los arañazos y rayos UV con predisposición para Pinlock®. Incorpora la tecnología ASN (Airoh Sliding Net) y el sistema ATVR (Airoh Tool-less Visor Removal) para poderla desmontar fácilmente. El sistema de ventilación se compone de entradas de aire en la zona superior y salidas en la parte trasera. Cierre micrométrico. ECE22.06	299990.00	5	productos/Airoh_Spark_2_Dart_verde_militar_1.webp	f	t	f	2026-03-16 23:34:52.605939-03	2	16
\.


--
-- Data for Name: token_blacklist_blacklistedtoken; Type: TABLE DATA; Schema: public; Owner: postgres
--

COPY public.token_blacklist_blacklistedtoken (id, blacklisted_at, token_id) FROM stdin;
1	2026-03-16 08:10:34.945642-03	3
2	2026-03-16 08:53:29.654631-03	6
3	2026-03-16 12:07:32.348779-03	10
4	2026-03-16 17:20:10.612688-03	12
5	2026-03-16 18:37:35.984166-03	15
6	2026-03-16 19:05:23.313184-03	16
8	2026-03-16 20:58:14.879426-03	17
9	2026-03-16 21:55:45.27391-03	22
10	2026-03-16 22:43:55.277657-03	23
11	2026-03-16 23:14:11.669652-03	26
12	2026-03-17 00:08:42.268941-03	28
13	2026-03-17 00:40:52.336286-03	30
14	2026-03-17 08:59:46.338301-03	33
16	2026-03-17 23:13:25.233162-03	38
17	2026-03-17 23:52:06.685685-03	39
18	2026-03-17 23:52:06.887001-03	40
\.


--
-- Data for Name: token_blacklist_outstandingtoken; Type: TABLE DATA; Schema: public; Owner: postgres
--

COPY public.token_blacklist_outstandingtoken (id, token, created_at, expires_at, user_id, jti) FROM stdin;
1	eyJhbGciOiJIUzI1NiIsInR5cCI6IkpXVCJ9.eyJ0b2tlbl90eXBlIjoicmVmcmVzaCIsImV4cCI6MTc3NDIyNjUwMSwiaWF0IjoxNzczNjIxNzAxLCJqdGkiOiI4MWI1NTFlMDIwZGU0MWE0YjMyYjEwMTUzMzVmZDNlYyIsInVzZXJfaWQiOiIxIn0.N4r4d1xkdWyi5oABdMxl6jBkf1YLBAsY2gkJGwu8Rh8	2026-03-15 21:41:41.791556-03	2026-03-22 21:41:41-03	1	81b551e020de41a4b32b1015335fd3ec
2	eyJhbGciOiJIUzI1NiIsInR5cCI6IkpXVCJ9.eyJ0b2tlbl90eXBlIjoicmVmcmVzaCIsImV4cCI6MTc3NDIyNzQ4MSwiaWF0IjoxNzczNjIyNjgxLCJqdGkiOiJkOTcwOTIzMjc0Njg0NjU1YThhNzczNjRhNWFiMGJiMyIsInVzZXJfaWQiOiIxIn0.FK4cLYuxERGbWy5h13Qwz6EpIU3sDRiLDK8xIJbiiZQ	2026-03-15 21:58:01.698846-03	2026-03-22 21:58:01-03	1	d970923274684655a8a77364a5ab0bb3
3	eyJhbGciOiJIUzI1NiIsInR5cCI6IkpXVCJ9.eyJ0b2tlbl90eXBlIjoicmVmcmVzaCIsImV4cCI6MTc3NDIyODQ1MiwiaWF0IjoxNzczNjIzNjUyLCJqdGkiOiJjMWVmNzdjMmUyM2U0NGE2YjJiNmJjZjExNGUyYTkzNyIsInVzZXJfaWQiOiIxIn0.j1yoq76D9-F7MiVTah43uwMxETz4Ovmey5fQzIAfVSc	2026-03-15 22:14:12.513654-03	2026-03-22 22:14:12-03	1	c1ef77c2e23e44a6b2b6bcf114e2a937
4	eyJhbGciOiJIUzI1NiIsInR5cCI6IkpXVCJ9.eyJ0b2tlbl90eXBlIjoicmVmcmVzaCIsImV4cCI6MTc3NDI2NDIzNCwiaWF0IjoxNzczNjU5NDM0LCJqdGkiOiI2YmY2ZjExYTgwMmE0MmQxYTU2OGE2MDQ5NDdlN2NlNyIsInVzZXJfaWQiOiIxIn0.sc_TvsDSTLbjYoW-sZMQTTJ3j_M0B_D-pkcUzA0NiOw	2026-03-16 08:10:34.646611-03	2026-03-23 08:10:34-03	1	6bf6f11a802a42d1a568a604947e7ce7
5	eyJhbGciOiJIUzI1NiIsInR5cCI6IkpXVCJ9.eyJ0b2tlbl90eXBlIjoicmVmcmVzaCIsImV4cCI6MTc3NDI2NDc2NSwiaWF0IjoxNzczNjU5OTY1LCJqdGkiOiI0MGRlMzkyMjJlZmQ0MGJiOTY0ODc0YTRmMTM2ZGJmZiIsInVzZXJfaWQiOiIxIn0.PEhyIZ4gCQVl1OUaxdRbhQmcRo4Gk4wPMaqb-U9WH8g	2026-03-16 08:19:25.224327-03	2026-03-23 08:19:25-03	1	40de39222efd40bb964874a4f136dbff
6	eyJhbGciOiJIUzI1NiIsInR5cCI6IkpXVCJ9.eyJ0b2tlbl90eXBlIjoicmVmcmVzaCIsImV4cCI6MTc3NDI2NDc4OCwiaWF0IjoxNzczNjU5OTg4LCJqdGkiOiI1ZjUyMWRjYjc3ZDM0YjQ0YmRhOTQ1MTVlMTA2ZjdkNSIsInVzZXJfaWQiOiIyIn0.WFsRVbYOH-hUSNN2vdYp4IyG3kDYYOiwbE6h7staiZU	2026-03-16 08:19:48.358236-03	2026-03-23 08:19:48-03	2	5f521dcb77d34b44bda94515e106f7d5
7	eyJhbGciOiJIUzI1NiIsInR5cCI6IkpXVCJ9.eyJ0b2tlbl90eXBlIjoicmVmcmVzaCIsImV4cCI6MTc3NDI2NjgwOSwiaWF0IjoxNzczNjYyMDA5LCJqdGkiOiJhNzA1MTAyM2I4MzY0ZmYyYjU4Y2M1ZmZhYjc0NTY5OSIsInVzZXJfaWQiOiIyIn0.EERVJDDfgwkU13aHL7ZY1AODyZVOFqOXzmPTgBAqBbo	2026-03-16 08:53:29.558321-03	2026-03-23 08:53:29-03	2	a7051023b8364ff2b58cc5ffab745699
8	eyJhbGciOiJIUzI1NiIsInR5cCI6IkpXVCJ9.eyJ0b2tlbl90eXBlIjoicmVmcmVzaCIsImV4cCI6MTc3NDI2NjgwOSwiaWF0IjoxNzczNjYyMDA5LCJqdGkiOiI0M2FkMTMwNWFjMGU0OTAzYTc3MTc3NzYxMzczNTNiMyIsInVzZXJfaWQiOiIyIn0.8F_oIcOm0QCUIWzeyO5orLpWs7hU0P3IhxM1N4eHSZs	2026-03-16 08:53:29.561026-03	2026-03-23 08:53:29-03	2	43ad1305ac0e4903a7717776137353b3
9	eyJhbGciOiJIUzI1NiIsInR5cCI6IkpXVCJ9.eyJ0b2tlbl90eXBlIjoicmVmcmVzaCIsImV4cCI6MTc3NDI2Njg5MywiaWF0IjoxNzczNjYyMDkzLCJqdGkiOiI0ZTAxYTQxYjY2NzQ0NzYxYjQ3NDE5OTgxOTlmZTY1OSIsInVzZXJfaWQiOiIyIn0.fWTEDqHD-htsFqWCIngcl1Ja3JbufIfaDb2ncrXMR_8	2026-03-16 08:54:53.806213-03	2026-03-23 08:54:53-03	2	4e01a41b66744761b4741998199fe659
10	eyJhbGciOiJIUzI1NiIsInR5cCI6IkpXVCJ9.eyJ0b2tlbl90eXBlIjoicmVmcmVzaCIsImV4cCI6MTc3NDI2NjkyOCwiaWF0IjoxNzczNjYyMTI4LCJqdGkiOiJlZjA0NzRmZjVmNWE0NzMzYjJiN2E3ZmI1OWQ4ODBlYSIsInVzZXJfaWQiOiIyIn0.6OweXvaKXyqN3C7mdxWWssDiG7OdmFJQ5Bk7F-slCy0	2026-03-16 08:55:28.033011-03	2026-03-23 08:55:28-03	2	ef0474ff5f5a4733b2b7a7fb59d880ea
11	eyJhbGciOiJIUzI1NiIsInR5cCI6IkpXVCJ9.eyJ0b2tlbl90eXBlIjoicmVmcmVzaCIsImV4cCI6MTc3NDI3ODQ1MiwiaWF0IjoxNzczNjczNjUyLCJqdGkiOiIwYjBhMWRlNzdmYmU0OWUzYTRjYmRhNjkxNGExMDVkOSIsInVzZXJfaWQiOiIyIn0.snvOU95oTx_6QdgMiVYjOQp31AwhzRQh0Kw8TU_Tm0M	2026-03-16 12:07:32.238159-03	2026-03-23 12:07:32-03	2	0b0a1de77fbe49e3a4cbda6914a105d9
12	eyJhbGciOiJIUzI1NiIsInR5cCI6IkpXVCJ9.eyJ0b2tlbl90eXBlIjoicmVmcmVzaCIsImV4cCI6MTc3NDI3OTA2NSwiaWF0IjoxNzczNjc0MjY1LCJqdGkiOiI4ZTg0YjI4ZDNkMjE0MWVkYTE0NDMzYzFjNmFkZDE1ZCIsInVzZXJfaWQiOiIyIn0.SN2DbFqEBp6dOQpYzoghTsZSzOD-CGN47rp4EpaNUXQ	2026-03-16 12:17:45.137567-03	2026-03-23 12:17:45-03	2	8e84b28d3d2141eda14433c1c6add15d
13	eyJhbGciOiJIUzI1NiIsInR5cCI6IkpXVCJ9.eyJ0b2tlbl90eXBlIjoicmVmcmVzaCIsImV4cCI6MTc3NDI5NzIxMCwiaWF0IjoxNzczNjkyNDEwLCJqdGkiOiI1MzY2NTllZmUxYTk0YWIzODU0MzU1MTEzNzhjNjUyMiIsInVzZXJfaWQiOiIyIn0.YTW8XOeHcfTOPbqFNVucO7iNaPk8XqhTD4hHyGvcN38	2026-03-16 17:20:10.473558-03	2026-03-23 17:20:10-03	2	536659efe1a94ab385435511378c6522
14	eyJhbGciOiJIUzI1NiIsInR5cCI6IkpXVCJ9.eyJ0b2tlbl90eXBlIjoicmVmcmVzaCIsImV4cCI6MTc3NDI5NzIxMCwiaWF0IjoxNzczNjkyNDEwLCJqdGkiOiIxNTg2NjJhY2E3YTg0MjI4OWQ4YmJhNzRhNmM1MGMwNyIsInVzZXJfaWQiOiIyIn0.Yu2T1eLYr3n9IdZU3-VCLDifFcVdUHYR-dci_3sLWig	2026-03-16 17:20:10.488034-03	2026-03-23 17:20:10-03	2	158662aca7a842289d8bba74a6c50c07
15	eyJhbGciOiJIUzI1NiIsInR5cCI6IkpXVCJ9.eyJ0b2tlbl90eXBlIjoicmVmcmVzaCIsImV4cCI6MTc3NDI5NzI1MSwiaWF0IjoxNzczNjkyNDUxLCJqdGkiOiIzYjZmZTYyOTQwNzE0NDczYjkxNjk0YzdiYmE4N2MyZCIsInVzZXJfaWQiOiIyIn0.1ppm9Zfj80fG6g-Qih4Th4ovIHbk49bR00kiSFNEGPU	2026-03-16 17:20:51.795169-03	2026-03-23 17:20:51-03	2	3b6fe62940714473b91694c7bba87c2d
16	eyJhbGciOiJIUzI1NiIsInR5cCI6IkpXVCJ9.eyJ0b2tlbl90eXBlIjoicmVmcmVzaCIsImV4cCI6MTc3NDMwMTg1NSwiaWF0IjoxNzczNjk3MDU1LCJqdGkiOiI5OTgzNzU1MTY0NDY0MDIxODlkNjg5NDAyZGNmNTA5MyIsInVzZXJfaWQiOiIyIn0.DKS9wQX39e82T4GwIrWCSE-birR4krckOoy6q1ydIek	2026-03-16 18:37:35.929771-03	2026-03-23 18:37:35-03	2	998375516446402189d689402dcf5093
17	eyJhbGciOiJIUzI1NiIsInR5cCI6IkpXVCJ9.eyJ0b2tlbl90eXBlIjoicmVmcmVzaCIsImV4cCI6MTc3NDMwMzcwMCwiaWF0IjoxNzczNjk4OTAwLCJqdGkiOiIwNWVlNTZmNDQ0NTM0NTBlYjMwNjQ0ZmYxYjM3M2ZlYiIsInVzZXJfaWQiOiIyIn0.8qsMDFIWFFg2gMPm9_6d1eKBFx3DxT2YJ257aYdXzdE	2026-03-16 19:08:20.323085-03	2026-03-23 19:08:20-03	2	05ee56f44453450eb30644ff1b373feb
18	eyJhbGciOiJIUzI1NiIsInR5cCI6IkpXVCJ9.eyJ0b2tlbl90eXBlIjoicmVmcmVzaCIsImV4cCI6MTc3NDMxMDI5NCwiaWF0IjoxNzczNzA1NDk0LCJqdGkiOiJkMTNkNmExMzQ2NTY0NWQ4OWFiNjdmZTRiZGUxODc0MyIsInVzZXJfaWQiOiIyIn0.DdOiutC0TolBBXnvQA-srcMNkfZYeW1E8o1iH2ky2eE	2026-03-16 20:58:14.759276-03	2026-03-23 20:58:14-03	2	d13d6a13465645d89ab67fe4bde18743
19	eyJhbGciOiJIUzI1NiIsInR5cCI6IkpXVCJ9.eyJ0b2tlbl90eXBlIjoicmVmcmVzaCIsImV4cCI6MTc3NDMxMDI5NCwiaWF0IjoxNzczNzA1NDk0LCJqdGkiOiIwMjI0MjZmODMwOTE0MjY1YTA5MmRkMjQ3N2I1N2ZhNyIsInVzZXJfaWQiOiIyIn0.Ka66E8q54-7ZyVM8IXIGB9djhYlUzin2eCzeEhNdlwU	2026-03-16 20:58:14.751363-03	2026-03-23 20:58:14-03	2	022426f830914265a092dd2477b57fa7
20	eyJhbGciOiJIUzI1NiIsInR5cCI6IkpXVCJ9.eyJ0b2tlbl90eXBlIjoicmVmcmVzaCIsImV4cCI6MTc3NDMxMDI5NCwiaWF0IjoxNzczNzA1NDk0LCJqdGkiOiI4MjJhYmM1M2UwMDI0MmY4OWEzMTVhMGNjNThmZmUyMiIsInVzZXJfaWQiOiIyIn0.sbn27sqNn4e_SL0bsL90ykWLHj_6h766zqp2RSG361A	2026-03-16 20:58:14.752926-03	2026-03-23 20:58:14-03	2	822abc53e00242f89a315a0cc58ffe22
21	eyJhbGciOiJIUzI1NiIsInR5cCI6IkpXVCJ9.eyJ0b2tlbl90eXBlIjoicmVmcmVzaCIsImV4cCI6MTc3NDMxMDMxMiwiaWF0IjoxNzczNzA1NTEyLCJqdGkiOiI0ZDhkYWRlMDE3NTA0ZjRiOGI2YTdhNjNlZTAwZTY0NCIsInVzZXJfaWQiOiIyIn0.6u2mjUtzZIAVSHMsq7ZRhiHWpqLKKozAQkg33JAjnMk	2026-03-16 20:58:32.445783-03	2026-03-23 20:58:32-03	2	4d8dade017504f4b8b6a7a63ee00e644
22	eyJhbGciOiJIUzI1NiIsInR5cCI6IkpXVCJ9.eyJ0b2tlbl90eXBlIjoicmVmcmVzaCIsImV4cCI6MTc3NDMxMTA5MSwiaWF0IjoxNzczNzA2MjkxLCJqdGkiOiIzMWE1NWZmNjAwMzI0NTM2OGQwYThlODBlNGZhY2JiOSIsInVzZXJfaWQiOiIyIn0.X0pwqd4_glFibfloykb6PUv1nJyUM_s0CvY11shEMTY	2026-03-16 21:11:31.914909-03	2026-03-23 21:11:31-03	2	31a55ff6003245368d0a8e80e4facbb9
23	eyJhbGciOiJIUzI1NiIsInR5cCI6IkpXVCJ9.eyJ0b2tlbl90eXBlIjoicmVmcmVzaCIsImV4cCI6MTc3NDMxMzc0NSwiaWF0IjoxNzczNzA4OTQ1LCJqdGkiOiI2OGVkYzRmYWEzNDQ0MTc3YWZjNmViMjQzZDNkOGY4YiIsInVzZXJfaWQiOiIyIn0.SYjJ3bXQ0vf9Ymu7DGkOJIA9g7Pajb_3IMAAwi33WHo	2026-03-16 21:55:45.217132-03	2026-03-23 21:55:45-03	2	68edc4faa3444177afc6eb243d3d8f8b
24	eyJhbGciOiJIUzI1NiIsInR5cCI6IkpXVCJ9.eyJ0b2tlbl90eXBlIjoicmVmcmVzaCIsImV4cCI6MTc3NDMxNjYzNSwiaWF0IjoxNzczNzExODM1LCJqdGkiOiIwZWU4NmFjNGU2ZTE0ZDk2OWQxOGIzNTcxOGVjZTc5YiIsInVzZXJfaWQiOiIyIn0.6TwaAXmhBjC4szcqMrLg-jrhsNtpoyHh6PCNvpelaTU	2026-03-16 22:43:55.184451-03	2026-03-23 22:43:55-03	2	0ee86ac4e6e14d969d18b35718ece79b
25	eyJhbGciOiJIUzI1NiIsInR5cCI6IkpXVCJ9.eyJ0b2tlbl90eXBlIjoicmVmcmVzaCIsImV4cCI6MTc3NDMxNjYzNSwiaWF0IjoxNzczNzExODM1LCJqdGkiOiJkZGI3Y2ZlNzE3OTE0NzNkYWQ3NWU3MGQwZDcxOTkxOCIsInVzZXJfaWQiOiIyIn0.zTknJ19jajV7Ak91vCxglOF52zOA_Oqc5jbD4CYz_0k	2026-03-16 22:43:55.179037-03	2026-03-23 22:43:55-03	2	ddb7cfe71791473dad75e70d0d719918
27	eyJhbGciOiJIUzI1NiIsInR5cCI6IkpXVCJ9.eyJ0b2tlbl90eXBlIjoicmVmcmVzaCIsImV4cCI6MTc3NDMxNjYzNSwiaWF0IjoxNzczNzExODM1LCJqdGkiOiIwMTA2ZmFlZjVjMTg0YjFlOGE1Mzk3NDVkYWY0ZTcxNCIsInVzZXJfaWQiOiIyIn0.JI5ED8feQm-jX7Ovs9xObULDQ47tNYgtkYzMxf9Dv1U	2026-03-16 22:43:55.186372-03	2026-03-23 22:43:55-03	2	0106faef5c184b1e8a539745daf4e714
26	eyJhbGciOiJIUzI1NiIsInR5cCI6IkpXVCJ9.eyJ0b2tlbl90eXBlIjoicmVmcmVzaCIsImV4cCI6MTc3NDMxNjYzNSwiaWF0IjoxNzczNzExODM1LCJqdGkiOiIyMzQxZGRiYjUxZmY0ZTVjYTNlZWFhM2RjZjNmMjA5YiIsInVzZXJfaWQiOiIyIn0.HanbjUfBrTHFRtEvNE6DQ0ER8z8n5qvYOsNOMDuRcZ0	2026-03-16 22:43:55.173489-03	2026-03-23 22:43:55-03	2	2341ddbb51ff4e5ca3eeaa3dcf3f209b
28	eyJhbGciOiJIUzI1NiIsInR5cCI6IkpXVCJ9.eyJ0b2tlbl90eXBlIjoicmVmcmVzaCIsImV4cCI6MTc3NDMxODQ1MSwiaWF0IjoxNzczNzEzNjUxLCJqdGkiOiIzNTY2NTMwNDBiN2Y0ZGQ0OGE2MjIxOWFkYWRhNDdhNSIsInVzZXJfaWQiOiIyIn0.351Zt-jBk6l4kZBZtnEOEXEGvsynEE7GALyUtrjP-mk	2026-03-16 23:14:11.610082-03	2026-03-23 23:14:11-03	2	356653040b7f4dd48a62219adada47a5
29	eyJhbGciOiJIUzI1NiIsInR5cCI6IkpXVCJ9.eyJ0b2tlbl90eXBlIjoicmVmcmVzaCIsImV4cCI6MTc3NDMyMTcyMiwiaWF0IjoxNzczNzE2OTIyLCJqdGkiOiJmZDliMTljMDFiNGE0MzRmODMyNmM4NTk1MGFhNzBjMSIsInVzZXJfaWQiOiIyIn0.nAfucCPxilv9WhsNLuIpzzTBL-bbv0zXyOXqEPcD1ko	2026-03-17 00:08:42.19765-03	2026-03-24 00:08:42-03	2	fd9b19c01b4a434f8326c85950aa70c1
30	eyJhbGciOiJIUzI1NiIsInR5cCI6IkpXVCJ9.eyJ0b2tlbl90eXBlIjoicmVmcmVzaCIsImV4cCI6MTc3NDMyMTc4NywiaWF0IjoxNzczNzE2OTg3LCJqdGkiOiJlYjIyNWNhZDIyMWI0NTA3OWVmZTE2YzkzNGVjNWU0NiIsInVzZXJfaWQiOiIyIn0.ryPfHwdhl0nSEs4uiT8KHdty7Fs9wOAC3MzOFTd_VrA	2026-03-17 00:09:47.309086-03	2026-03-24 00:09:47-03	2	eb225cad221b45079efe16c934ec5e46
31	eyJhbGciOiJIUzI1NiIsInR5cCI6IkpXVCJ9.eyJ0b2tlbl90eXBlIjoicmVmcmVzaCIsImV4cCI6MTc3NDMyMzY1MiwiaWF0IjoxNzczNzE4ODUyLCJqdGkiOiIxNzZiM2E3NTJhNTk0ZTIyOGU3Yzc5NmRjMzU2ZmViNyIsInVzZXJfaWQiOiIyIn0.-NXB8jLq7-zwiIbn726PdC6HfALOA4IgzceksAtxWIM	2026-03-17 00:40:52.224728-03	2026-03-24 00:40:52-03	2	176b3a752a594e228e7c796dc356feb7
32	eyJhbGciOiJIUzI1NiIsInR5cCI6IkpXVCJ9.eyJ0b2tlbl90eXBlIjoicmVmcmVzaCIsImV4cCI6MTc3NDMyMzgxNSwiaWF0IjoxNzczNzE5MDE1LCJqdGkiOiJmN2ZmMjNmYTViMTQ0NTY5YTBiOWQ4OGUwMzVjZjYyYyIsInVzZXJfaWQiOiIyIn0.jpVER1gB1CVKC1eBLvMU7-0gIigwL_s4olSnnBuBDy4	2026-03-17 00:43:35.789954-03	2026-03-24 00:43:35-03	2	f7ff23fa5b144569a0b9d88e035cf62c
33	eyJhbGciOiJIUzI1NiIsInR5cCI6IkpXVCJ9.eyJ0b2tlbl90eXBlIjoicmVmcmVzaCIsImV4cCI6MTc3NDMyNDA1OSwiaWF0IjoxNzczNzE5MjU5LCJqdGkiOiJjNDY5ODNhNTg5YzM0YjNmODQ2N2I3ZjIxMTk5NzQyYSIsInVzZXJfaWQiOiIyIn0.0B2vMJlLQ2GMMmRSoAaeRv3sxeWXwVQNQ2Fdw1w4rOg	2026-03-17 00:47:39.405338-03	2026-03-24 00:47:39-03	2	c46983a589c34b3f8467b7f21199742a
34	eyJhbGciOiJIUzI1NiIsInR5cCI6IkpXVCJ9.eyJ0b2tlbl90eXBlIjoicmVmcmVzaCIsImV4cCI6MTc3NDM1MzU4NiwiaWF0IjoxNzczNzQ4Nzg2LCJqdGkiOiIyOTdmYjRkNDQ0OTE0ZGQxOGQ5YWNiZjVlMzFhZGE1MCIsInVzZXJfaWQiOiIyIn0.hroQt-SmQuBEujVVbBGVeiUEF_U_rpQUXAGtnKMdlKo	2026-03-17 08:59:46.207806-03	2026-03-24 08:59:46-03	2	297fb4d444914dd18d9acbf5e31ada50
35	eyJhbGciOiJIUzI1NiIsInR5cCI6IkpXVCJ9.eyJ0b2tlbl90eXBlIjoicmVmcmVzaCIsImV4cCI6MTc3NDM1MzU4NiwiaWF0IjoxNzczNzQ4Nzg2LCJqdGkiOiJiNmE2NGY3ZjU2MDA0MDYwYjkzYmQ5NGVlYzUzZWFlZiIsInVzZXJfaWQiOiIyIn0.2UpzeQwwflXQj_g9KL7OgOS2TOakf89BtudyuXRKSrY	2026-03-17 08:59:46.205645-03	2026-03-24 08:59:46-03	2	b6a64f7f56004060b93bd94eec53eaef
36	eyJhbGciOiJIUzI1NiIsInR5cCI6IkpXVCJ9.eyJ0b2tlbl90eXBlIjoicmVmcmVzaCIsImV4cCI6MTc3NDM1MzU4NiwiaWF0IjoxNzczNzQ4Nzg2LCJqdGkiOiJjNjFiOTkyNTNhNGI0YTg4OTJlZGMwM2E0YmMzYjhkYiIsInVzZXJfaWQiOiIyIn0.DwpY_qdOwT9xW3d0hEms8rs3_YkLxqQvTOmYpRTRpTw	2026-03-17 08:59:46.210679-03	2026-03-24 08:59:46-03	2	c61b99253a4b4a8892edc03a4bc3b8db
37	eyJhbGciOiJIUzI1NiIsInR5cCI6IkpXVCJ9.eyJ0b2tlbl90eXBlIjoicmVmcmVzaCIsImV4cCI6MTc3NDM1NDAwNCwiaWF0IjoxNzczNzQ5MjA0LCJqdGkiOiJmNTZhYzI2Y2NmN2I0NTVkOTMxMDdmMmVhZTA3NjEwNyIsInVzZXJfaWQiOiIyIn0.cK4XEsIEn0MlUstsMC76w3CRhATKwAR4IgYzVkYCPh4	2026-03-17 09:06:44.739228-03	2026-03-24 09:06:44-03	2	f56ac26ccf7b455d93107f2eae076107
38	eyJhbGciOiJIUzI1NiIsInR5cCI6IkpXVCJ9.eyJ0b2tlbl90eXBlIjoicmVmcmVzaCIsImV4cCI6MTc3NDQwMTc1MiwiaWF0IjoxNzczNzk2OTUyLCJqdGkiOiI5MmJmNGM3MGUwMDI0YzY0OTNlNDQ2NDE3OTVkZjdiYSIsInVzZXJfaWQiOiIyIn0.MVar9DnNG1b3TSw-Wrhb4tpCWYTbkZMilqxWGQC-6Js	2026-03-17 22:22:32.45575-03	2026-03-24 22:22:32-03	2	92bf4c70e0024c6493e44641795df7ba
39	eyJhbGciOiJIUzI1NiIsInR5cCI6IkpXVCJ9.eyJ0b2tlbl90eXBlIjoicmVmcmVzaCIsImV4cCI6MTc3NDQwNDgwNSwiaWF0IjoxNzczODAwMDA1LCJqdGkiOiJmMjIxMTU3N2M4ZDQ0YTc0YWYwMDQxYjQ2OWNmNDEzNyIsInVzZXJfaWQiOiIyIn0.XwgqUGM_SyIG0u166V-YowDaiQnhLoXMiwCw0QUN9gc	2026-03-17 23:13:25.162573-03	2026-03-24 23:13:25-03	2	f2211577c8d44a74af0041b469cf4137
40	eyJhbGciOiJIUzI1NiIsInR5cCI6IkpXVCJ9.eyJ0b2tlbl90eXBlIjoicmVmcmVzaCIsImV4cCI6MTc3NDQwNzEyNiwiaWF0IjoxNzczODAyMzI2LCJqdGkiOiJjNDlhMWJjZTY0NzE0OTBmODcxMzIwMjkyZDZhYmJiMCIsInVzZXJfaWQiOiIyIn0.zxMwIJjqhpJtlFZsAF24i6oQ5Po6aNnlvK7eA7UXcmQ	2026-03-17 23:52:06.607538-03	2026-03-24 23:52:06-03	2	c49a1bce6471490f871320292d6abbb0
41	eyJhbGciOiJIUzI1NiIsInR5cCI6IkpXVCJ9.eyJ0b2tlbl90eXBlIjoicmVmcmVzaCIsImV4cCI6MTc3NDQwNzEyNiwiaWF0IjoxNzczODAyMzI2LCJqdGkiOiIyYmE4NTk1ZGY4NTA0Y2UzYmFlNzRjN2ViNTdmMzY3NSIsInVzZXJfaWQiOiIyIn0.z8BKR_iePj2VVt0dZYQeO1J6kskx-bxO0dBcsEk4tIU	2026-03-17 23:52:06.772399-03	2026-03-24 23:52:06-03	2	2ba8595df8504ce3bae74c7eb57f3675
42	eyJhbGciOiJIUzI1NiIsInR5cCI6IkpXVCJ9.eyJ0b2tlbl90eXBlIjoicmVmcmVzaCIsImV4cCI6MTc3NDQwNzQ1MiwiaWF0IjoxNzczODAyNjUyLCJqdGkiOiJmNGI5YzViMmYwOTA0OWE0OWQwZDIwYTNiMjdmZjA2ZiIsInVzZXJfaWQiOiIyIn0.U3KRhtHLpfyXOC2C-xyS_JT7Wk_Lrp_WGw9B_YMnaJE	2026-03-17 23:57:32.009241-03	2026-03-24 23:57:32-03	2	f4b9c5b2f09049a49d0d20a3b27ff06f
\.


--
-- Name: auth_group_id_seq; Type: SEQUENCE SET; Schema: public; Owner: postgres
--

SELECT pg_catalog.setval('public.auth_group_id_seq', 1, false);


--
-- Name: auth_group_permissions_id_seq; Type: SEQUENCE SET; Schema: public; Owner: postgres
--

SELECT pg_catalog.setval('public.auth_group_permissions_id_seq', 1, false);


--
-- Name: auth_permission_id_seq; Type: SEQUENCE SET; Schema: public; Owner: postgres
--

SELECT pg_catalog.setval('public.auth_permission_id_seq', 104, true);


--
-- Name: auth_user_groups_id_seq; Type: SEQUENCE SET; Schema: public; Owner: postgres
--

SELECT pg_catalog.setval('public.auth_user_groups_id_seq', 1, false);


--
-- Name: auth_user_id_seq; Type: SEQUENCE SET; Schema: public; Owner: postgres
--

SELECT pg_catalog.setval('public.auth_user_id_seq', 6, true);


--
-- Name: auth_user_user_permissions_id_seq; Type: SEQUENCE SET; Schema: public; Owner: postgres
--

SELECT pg_catalog.setval('public.auth_user_user_permissions_id_seq', 1, false);


--
-- Name: catalogo_categoriamoto_id_seq; Type: SEQUENCE SET; Schema: public; Owner: postgres
--

SELECT pg_catalog.setval('public.catalogo_categoriamoto_id_seq', 6, true);


--
-- Name: catalogo_categoriaproducto_id_seq; Type: SEQUENCE SET; Schema: public; Owner: postgres
--

SELECT pg_catalog.setval('public.catalogo_categoriaproducto_id_seq', 2, true);


--
-- Name: catalogo_marca_id_seq; Type: SEQUENCE SET; Schema: public; Owner: postgres
--

SELECT pg_catalog.setval('public.catalogo_marca_id_seq', 7, true);


--
-- Name: catalogo_subcategoriaproducto_id_seq; Type: SEQUENCE SET; Schema: public; Owner: postgres
--

SELECT pg_catalog.setval('public.catalogo_subcategoriaproducto_id_seq', 16, true);


--
-- Name: clientes_contactocliente_id_seq; Type: SEQUENCE SET; Schema: public; Owner: postgres
--

SELECT pg_catalog.setval('public.clientes_contactocliente_id_seq', 1, false);


--
-- Name: clientes_perfilusuario_id_seq; Type: SEQUENCE SET; Schema: public; Owner: postgres
--

SELECT pg_catalog.setval('public.clientes_perfilusuario_id_seq', 4, true);


--
-- Name: core_contactositio_id_seq; Type: SEQUENCE SET; Schema: public; Owner: postgres
--

SELECT pg_catalog.setval('public.core_contactositio_id_seq', 1, false);


--
-- Name: django_admin_log_id_seq; Type: SEQUENCE SET; Schema: public; Owner: postgres
--

SELECT pg_catalog.setval('public.django_admin_log_id_seq', 1, false);


--
-- Name: django_content_type_id_seq; Type: SEQUENCE SET; Schema: public; Owner: postgres
--

SELECT pg_catalog.setval('public.django_content_type_id_seq', 26, true);


--
-- Name: django_migrations_id_seq; Type: SEQUENCE SET; Schema: public; Owner: postgres
--

SELECT pg_catalog.setval('public.django_migrations_id_seq', 44, true);


--
-- Name: mantenciones_mantencion_id_seq; Type: SEQUENCE SET; Schema: public; Owner: admin_motos
--

SELECT pg_catalog.setval('public.mantenciones_mantencion_id_seq', 3, true);


--
-- Name: mantenciones_vehiculocliente_id_seq; Type: SEQUENCE SET; Schema: public; Owner: admin_motos
--

SELECT pg_catalog.setval('public.mantenciones_vehiculocliente_id_seq', 3, true);


--
-- Name: motos_especificacionmoto_id_seq; Type: SEQUENCE SET; Schema: public; Owner: postgres
--

SELECT pg_catalog.setval('public.motos_especificacionmoto_id_seq', 1, false);


--
-- Name: motos_imagenmoto_id_seq; Type: SEQUENCE SET; Schema: public; Owner: postgres
--

SELECT pg_catalog.setval('public.motos_imagenmoto_id_seq', 1, false);


--
-- Name: motos_moto_id_seq; Type: SEQUENCE SET; Schema: public; Owner: postgres
--

SELECT pg_catalog.setval('public.motos_moto_id_seq', 14, true);


--
-- Name: productos_compatibilidadproductomoto_id_seq; Type: SEQUENCE SET; Schema: public; Owner: postgres
--

SELECT pg_catalog.setval('public.productos_compatibilidadproductomoto_id_seq', 1, false);


--
-- Name: productos_especificacionproducto_id_seq; Type: SEQUENCE SET; Schema: public; Owner: postgres
--

SELECT pg_catalog.setval('public.productos_especificacionproducto_id_seq', 1, false);


--
-- Name: productos_imagenproducto_id_seq; Type: SEQUENCE SET; Schema: public; Owner: postgres
--

SELECT pg_catalog.setval('public.productos_imagenproducto_id_seq', 1, false);


--
-- Name: productos_producto_id_seq; Type: SEQUENCE SET; Schema: public; Owner: postgres
--

SELECT pg_catalog.setval('public.productos_producto_id_seq', 39, true);


--
-- Name: token_blacklist_blacklistedtoken_id_seq; Type: SEQUENCE SET; Schema: public; Owner: postgres
--

SELECT pg_catalog.setval('public.token_blacklist_blacklistedtoken_id_seq', 18, true);


--
-- Name: token_blacklist_outstandingtoken_id_seq; Type: SEQUENCE SET; Schema: public; Owner: postgres
--

SELECT pg_catalog.setval('public.token_blacklist_outstandingtoken_id_seq', 42, true);


--
-- Name: auth_group auth_group_name_key; Type: CONSTRAINT; Schema: public; Owner: postgres
--

ALTER TABLE ONLY public.auth_group
    ADD CONSTRAINT auth_group_name_key UNIQUE (name);


--
-- Name: auth_group_permissions auth_group_permissions_group_id_permission_id_0cd325b0_uniq; Type: CONSTRAINT; Schema: public; Owner: postgres
--

ALTER TABLE ONLY public.auth_group_permissions
    ADD CONSTRAINT auth_group_permissions_group_id_permission_id_0cd325b0_uniq UNIQUE (group_id, permission_id);


--
-- Name: auth_group_permissions auth_group_permissions_pkey; Type: CONSTRAINT; Schema: public; Owner: postgres
--

ALTER TABLE ONLY public.auth_group_permissions
    ADD CONSTRAINT auth_group_permissions_pkey PRIMARY KEY (id);


--
-- Name: auth_group auth_group_pkey; Type: CONSTRAINT; Schema: public; Owner: postgres
--

ALTER TABLE ONLY public.auth_group
    ADD CONSTRAINT auth_group_pkey PRIMARY KEY (id);


--
-- Name: auth_permission auth_permission_content_type_id_codename_01ab375a_uniq; Type: CONSTRAINT; Schema: public; Owner: postgres
--

ALTER TABLE ONLY public.auth_permission
    ADD CONSTRAINT auth_permission_content_type_id_codename_01ab375a_uniq UNIQUE (content_type_id, codename);


--
-- Name: auth_permission auth_permission_pkey; Type: CONSTRAINT; Schema: public; Owner: postgres
--

ALTER TABLE ONLY public.auth_permission
    ADD CONSTRAINT auth_permission_pkey PRIMARY KEY (id);


--
-- Name: auth_user_groups auth_user_groups_pkey; Type: CONSTRAINT; Schema: public; Owner: postgres
--

ALTER TABLE ONLY public.auth_user_groups
    ADD CONSTRAINT auth_user_groups_pkey PRIMARY KEY (id);


--
-- Name: auth_user_groups auth_user_groups_user_id_group_id_94350c0c_uniq; Type: CONSTRAINT; Schema: public; Owner: postgres
--

ALTER TABLE ONLY public.auth_user_groups
    ADD CONSTRAINT auth_user_groups_user_id_group_id_94350c0c_uniq UNIQUE (user_id, group_id);


--
-- Name: auth_user auth_user_pkey; Type: CONSTRAINT; Schema: public; Owner: postgres
--

ALTER TABLE ONLY public.auth_user
    ADD CONSTRAINT auth_user_pkey PRIMARY KEY (id);


--
-- Name: auth_user_user_permissions auth_user_user_permissions_pkey; Type: CONSTRAINT; Schema: public; Owner: postgres
--

ALTER TABLE ONLY public.auth_user_user_permissions
    ADD CONSTRAINT auth_user_user_permissions_pkey PRIMARY KEY (id);


--
-- Name: auth_user_user_permissions auth_user_user_permissions_user_id_permission_id_14a6b632_uniq; Type: CONSTRAINT; Schema: public; Owner: postgres
--

ALTER TABLE ONLY public.auth_user_user_permissions
    ADD CONSTRAINT auth_user_user_permissions_user_id_permission_id_14a6b632_uniq UNIQUE (user_id, permission_id);


--
-- Name: auth_user auth_user_username_key; Type: CONSTRAINT; Schema: public; Owner: postgres
--

ALTER TABLE ONLY public.auth_user
    ADD CONSTRAINT auth_user_username_key UNIQUE (username);


--
-- Name: authtoken_token authtoken_token_pkey; Type: CONSTRAINT; Schema: public; Owner: postgres
--

ALTER TABLE ONLY public.authtoken_token
    ADD CONSTRAINT authtoken_token_pkey PRIMARY KEY (key);


--
-- Name: authtoken_token authtoken_token_user_id_key; Type: CONSTRAINT; Schema: public; Owner: postgres
--

ALTER TABLE ONLY public.authtoken_token
    ADD CONSTRAINT authtoken_token_user_id_key UNIQUE (user_id);


--
-- Name: catalogo_categoriamoto catalogo_categoriamoto_pkey; Type: CONSTRAINT; Schema: public; Owner: postgres
--

ALTER TABLE ONLY public.catalogo_categoriamoto
    ADD CONSTRAINT catalogo_categoriamoto_pkey PRIMARY KEY (id);


--
-- Name: catalogo_categoriamoto catalogo_categoriamoto_slug_key; Type: CONSTRAINT; Schema: public; Owner: postgres
--

ALTER TABLE ONLY public.catalogo_categoriamoto
    ADD CONSTRAINT catalogo_categoriamoto_slug_key UNIQUE (slug);


--
-- Name: catalogo_categoriaproducto catalogo_categoriaproducto_pkey; Type: CONSTRAINT; Schema: public; Owner: postgres
--

ALTER TABLE ONLY public.catalogo_categoriaproducto
    ADD CONSTRAINT catalogo_categoriaproducto_pkey PRIMARY KEY (id);


--
-- Name: catalogo_categoriaproducto catalogo_categoriaproducto_slug_key; Type: CONSTRAINT; Schema: public; Owner: postgres
--

ALTER TABLE ONLY public.catalogo_categoriaproducto
    ADD CONSTRAINT catalogo_categoriaproducto_slug_key UNIQUE (slug);


--
-- Name: catalogo_marca catalogo_marca_pkey; Type: CONSTRAINT; Schema: public; Owner: postgres
--

ALTER TABLE ONLY public.catalogo_marca
    ADD CONSTRAINT catalogo_marca_pkey PRIMARY KEY (id);


--
-- Name: catalogo_marca catalogo_marca_slug_key; Type: CONSTRAINT; Schema: public; Owner: postgres
--

ALTER TABLE ONLY public.catalogo_marca
    ADD CONSTRAINT catalogo_marca_slug_key UNIQUE (slug);


--
-- Name: catalogo_subcategoriaproducto catalogo_subcategoriaproducto_pkey; Type: CONSTRAINT; Schema: public; Owner: postgres
--

ALTER TABLE ONLY public.catalogo_subcategoriaproducto
    ADD CONSTRAINT catalogo_subcategoriaproducto_pkey PRIMARY KEY (id);


--
-- Name: catalogo_subcategoriaproducto catalogo_subcategoriaproducto_slug_key; Type: CONSTRAINT; Schema: public; Owner: postgres
--

ALTER TABLE ONLY public.catalogo_subcategoriaproducto
    ADD CONSTRAINT catalogo_subcategoriaproducto_slug_key UNIQUE (slug);


--
-- Name: clientes_contactocliente clientes_contactocliente_pkey; Type: CONSTRAINT; Schema: public; Owner: postgres
--

ALTER TABLE ONLY public.clientes_contactocliente
    ADD CONSTRAINT clientes_contactocliente_pkey PRIMARY KEY (id);


--
-- Name: clientes_perfilusuario clientes_perfilusuario_pkey; Type: CONSTRAINT; Schema: public; Owner: postgres
--

ALTER TABLE ONLY public.clientes_perfilusuario
    ADD CONSTRAINT clientes_perfilusuario_pkey PRIMARY KEY (id);


--
-- Name: clientes_perfilusuario clientes_perfilusuario_user_id_key; Type: CONSTRAINT; Schema: public; Owner: postgres
--

ALTER TABLE ONLY public.clientes_perfilusuario
    ADD CONSTRAINT clientes_perfilusuario_user_id_key UNIQUE (user_id);


--
-- Name: core_contactositio core_contactositio_pkey; Type: CONSTRAINT; Schema: public; Owner: postgres
--

ALTER TABLE ONLY public.core_contactositio
    ADD CONSTRAINT core_contactositio_pkey PRIMARY KEY (id);


--
-- Name: django_admin_log django_admin_log_pkey; Type: CONSTRAINT; Schema: public; Owner: postgres
--

ALTER TABLE ONLY public.django_admin_log
    ADD CONSTRAINT django_admin_log_pkey PRIMARY KEY (id);


--
-- Name: django_content_type django_content_type_app_label_model_76bd3d3b_uniq; Type: CONSTRAINT; Schema: public; Owner: postgres
--

ALTER TABLE ONLY public.django_content_type
    ADD CONSTRAINT django_content_type_app_label_model_76bd3d3b_uniq UNIQUE (app_label, model);


--
-- Name: django_content_type django_content_type_pkey; Type: CONSTRAINT; Schema: public; Owner: postgres
--

ALTER TABLE ONLY public.django_content_type
    ADD CONSTRAINT django_content_type_pkey PRIMARY KEY (id);


--
-- Name: django_migrations django_migrations_pkey; Type: CONSTRAINT; Schema: public; Owner: postgres
--

ALTER TABLE ONLY public.django_migrations
    ADD CONSTRAINT django_migrations_pkey PRIMARY KEY (id);


--
-- Name: django_session django_session_pkey; Type: CONSTRAINT; Schema: public; Owner: postgres
--

ALTER TABLE ONLY public.django_session
    ADD CONSTRAINT django_session_pkey PRIMARY KEY (session_key);


--
-- Name: mantenciones_mantencion mantenciones_mantencion_pkey; Type: CONSTRAINT; Schema: public; Owner: admin_motos
--

ALTER TABLE ONLY public.mantenciones_mantencion
    ADD CONSTRAINT mantenciones_mantencion_pkey PRIMARY KEY (id);


--
-- Name: mantenciones_vehiculocliente mantenciones_vehiculocliente_matricula_key; Type: CONSTRAINT; Schema: public; Owner: admin_motos
--

ALTER TABLE ONLY public.mantenciones_vehiculocliente
    ADD CONSTRAINT mantenciones_vehiculocliente_matricula_key UNIQUE (matricula);


--
-- Name: mantenciones_vehiculocliente mantenciones_vehiculocliente_pkey; Type: CONSTRAINT; Schema: public; Owner: admin_motos
--

ALTER TABLE ONLY public.mantenciones_vehiculocliente
    ADD CONSTRAINT mantenciones_vehiculocliente_pkey PRIMARY KEY (id);


--
-- Name: motos_especificacionmoto motos_especificacionmoto_pkey; Type: CONSTRAINT; Schema: public; Owner: postgres
--

ALTER TABLE ONLY public.motos_especificacionmoto
    ADD CONSTRAINT motos_especificacionmoto_pkey PRIMARY KEY (id);


--
-- Name: motos_imagenmoto motos_imagenmoto_pkey; Type: CONSTRAINT; Schema: public; Owner: postgres
--

ALTER TABLE ONLY public.motos_imagenmoto
    ADD CONSTRAINT motos_imagenmoto_pkey PRIMARY KEY (id);


--
-- Name: motos_moto motos_moto_pkey; Type: CONSTRAINT; Schema: public; Owner: postgres
--

ALTER TABLE ONLY public.motos_moto
    ADD CONSTRAINT motos_moto_pkey PRIMARY KEY (id);


--
-- Name: motos_moto motos_moto_slug_key; Type: CONSTRAINT; Schema: public; Owner: postgres
--

ALTER TABLE ONLY public.motos_moto
    ADD CONSTRAINT motos_moto_slug_key UNIQUE (slug);


--
-- Name: productos_compatibilidadproductomoto productos_compatibilidad_producto_id_moto_id_caf49ee3_uniq; Type: CONSTRAINT; Schema: public; Owner: postgres
--

ALTER TABLE ONLY public.productos_compatibilidadproductomoto
    ADD CONSTRAINT productos_compatibilidad_producto_id_moto_id_caf49ee3_uniq UNIQUE (producto_id, moto_id);


--
-- Name: productos_compatibilidadproductomoto productos_compatibilidadproductomoto_pkey; Type: CONSTRAINT; Schema: public; Owner: postgres
--

ALTER TABLE ONLY public.productos_compatibilidadproductomoto
    ADD CONSTRAINT productos_compatibilidadproductomoto_pkey PRIMARY KEY (id);


--
-- Name: productos_especificacionproducto productos_especificacionproducto_pkey; Type: CONSTRAINT; Schema: public; Owner: postgres
--

ALTER TABLE ONLY public.productos_especificacionproducto
    ADD CONSTRAINT productos_especificacionproducto_pkey PRIMARY KEY (id);


--
-- Name: productos_imagenproducto productos_imagenproducto_pkey; Type: CONSTRAINT; Schema: public; Owner: postgres
--

ALTER TABLE ONLY public.productos_imagenproducto
    ADD CONSTRAINT productos_imagenproducto_pkey PRIMARY KEY (id);


--
-- Name: productos_producto productos_producto_pkey; Type: CONSTRAINT; Schema: public; Owner: postgres
--

ALTER TABLE ONLY public.productos_producto
    ADD CONSTRAINT productos_producto_pkey PRIMARY KEY (id);


--
-- Name: productos_producto productos_producto_slug_key; Type: CONSTRAINT; Schema: public; Owner: postgres
--

ALTER TABLE ONLY public.productos_producto
    ADD CONSTRAINT productos_producto_slug_key UNIQUE (slug);


--
-- Name: token_blacklist_blacklistedtoken token_blacklist_blacklistedtoken_pkey; Type: CONSTRAINT; Schema: public; Owner: postgres
--

ALTER TABLE ONLY public.token_blacklist_blacklistedtoken
    ADD CONSTRAINT token_blacklist_blacklistedtoken_pkey PRIMARY KEY (id);


--
-- Name: token_blacklist_blacklistedtoken token_blacklist_blacklistedtoken_token_id_key; Type: CONSTRAINT; Schema: public; Owner: postgres
--

ALTER TABLE ONLY public.token_blacklist_blacklistedtoken
    ADD CONSTRAINT token_blacklist_blacklistedtoken_token_id_key UNIQUE (token_id);


--
-- Name: token_blacklist_outstandingtoken token_blacklist_outstandingtoken_jti_hex_d9bdf6f7_uniq; Type: CONSTRAINT; Schema: public; Owner: postgres
--

ALTER TABLE ONLY public.token_blacklist_outstandingtoken
    ADD CONSTRAINT token_blacklist_outstandingtoken_jti_hex_d9bdf6f7_uniq UNIQUE (jti);


--
-- Name: token_blacklist_outstandingtoken token_blacklist_outstandingtoken_pkey; Type: CONSTRAINT; Schema: public; Owner: postgres
--

ALTER TABLE ONLY public.token_blacklist_outstandingtoken
    ADD CONSTRAINT token_blacklist_outstandingtoken_pkey PRIMARY KEY (id);


--
-- Name: auth_group_name_a6ea08ec_like; Type: INDEX; Schema: public; Owner: postgres
--

CREATE INDEX auth_group_name_a6ea08ec_like ON public.auth_group USING btree (name varchar_pattern_ops);


--
-- Name: auth_group_permissions_group_id_b120cbf9; Type: INDEX; Schema: public; Owner: postgres
--

CREATE INDEX auth_group_permissions_group_id_b120cbf9 ON public.auth_group_permissions USING btree (group_id);


--
-- Name: auth_group_permissions_permission_id_84c5c92e; Type: INDEX; Schema: public; Owner: postgres
--

CREATE INDEX auth_group_permissions_permission_id_84c5c92e ON public.auth_group_permissions USING btree (permission_id);


--
-- Name: auth_permission_content_type_id_2f476e4b; Type: INDEX; Schema: public; Owner: postgres
--

CREATE INDEX auth_permission_content_type_id_2f476e4b ON public.auth_permission USING btree (content_type_id);


--
-- Name: auth_user_groups_group_id_97559544; Type: INDEX; Schema: public; Owner: postgres
--

CREATE INDEX auth_user_groups_group_id_97559544 ON public.auth_user_groups USING btree (group_id);


--
-- Name: auth_user_groups_user_id_6a12ed8b; Type: INDEX; Schema: public; Owner: postgres
--

CREATE INDEX auth_user_groups_user_id_6a12ed8b ON public.auth_user_groups USING btree (user_id);


--
-- Name: auth_user_user_permissions_permission_id_1fbb5f2c; Type: INDEX; Schema: public; Owner: postgres
--

CREATE INDEX auth_user_user_permissions_permission_id_1fbb5f2c ON public.auth_user_user_permissions USING btree (permission_id);


--
-- Name: auth_user_user_permissions_user_id_a95ead1b; Type: INDEX; Schema: public; Owner: postgres
--

CREATE INDEX auth_user_user_permissions_user_id_a95ead1b ON public.auth_user_user_permissions USING btree (user_id);


--
-- Name: auth_user_username_6821ab7c_like; Type: INDEX; Schema: public; Owner: postgres
--

CREATE INDEX auth_user_username_6821ab7c_like ON public.auth_user USING btree (username varchar_pattern_ops);


--
-- Name: authtoken_token_key_10f0b77e_like; Type: INDEX; Schema: public; Owner: postgres
--

CREATE INDEX authtoken_token_key_10f0b77e_like ON public.authtoken_token USING btree (key varchar_pattern_ops);


--
-- Name: catalogo_categoriamoto_slug_dd08a1ef_like; Type: INDEX; Schema: public; Owner: postgres
--

CREATE INDEX catalogo_categoriamoto_slug_dd08a1ef_like ON public.catalogo_categoriamoto USING btree (slug varchar_pattern_ops);


--
-- Name: catalogo_categoriaproducto_slug_e46c838d_like; Type: INDEX; Schema: public; Owner: postgres
--

CREATE INDEX catalogo_categoriaproducto_slug_e46c838d_like ON public.catalogo_categoriaproducto USING btree (slug varchar_pattern_ops);


--
-- Name: catalogo_marca_slug_cf579a2b_like; Type: INDEX; Schema: public; Owner: postgres
--

CREATE INDEX catalogo_marca_slug_cf579a2b_like ON public.catalogo_marca USING btree (slug varchar_pattern_ops);


--
-- Name: catalogo_subcategoriaproducto_categoria_id_de577b4f; Type: INDEX; Schema: public; Owner: postgres
--

CREATE INDEX catalogo_subcategoriaproducto_categoria_id_de577b4f ON public.catalogo_subcategoriaproducto USING btree (categoria_id);


--
-- Name: catalogo_subcategoriaproducto_slug_323876e6_like; Type: INDEX; Schema: public; Owner: postgres
--

CREATE INDEX catalogo_subcategoriaproducto_slug_323876e6_like ON public.catalogo_subcategoriaproducto USING btree (slug varchar_pattern_ops);


--
-- Name: clientes_contactocliente_moto_id_15a41aaf; Type: INDEX; Schema: public; Owner: postgres
--

CREATE INDEX clientes_contactocliente_moto_id_15a41aaf ON public.clientes_contactocliente USING btree (moto_id);


--
-- Name: clientes_contactocliente_producto_id_7e4cd3df; Type: INDEX; Schema: public; Owner: postgres
--

CREATE INDEX clientes_contactocliente_producto_id_7e4cd3df ON public.clientes_contactocliente USING btree (producto_id);


--
-- Name: django_admin_log_content_type_id_c4bce8eb; Type: INDEX; Schema: public; Owner: postgres
--

CREATE INDEX django_admin_log_content_type_id_c4bce8eb ON public.django_admin_log USING btree (content_type_id);


--
-- Name: django_admin_log_user_id_c564eba6; Type: INDEX; Schema: public; Owner: postgres
--

CREATE INDEX django_admin_log_user_id_c564eba6 ON public.django_admin_log USING btree (user_id);


--
-- Name: django_session_expire_date_a5c62663; Type: INDEX; Schema: public; Owner: postgres
--

CREATE INDEX django_session_expire_date_a5c62663 ON public.django_session USING btree (expire_date);


--
-- Name: django_session_session_key_c0390e0f_like; Type: INDEX; Schema: public; Owner: postgres
--

CREATE INDEX django_session_session_key_c0390e0f_like ON public.django_session USING btree (session_key varchar_pattern_ops);


--
-- Name: mantenciones_mantencion_moto_cliente_id_d2f8163a; Type: INDEX; Schema: public; Owner: admin_motos
--

CREATE INDEX mantenciones_mantencion_moto_cliente_id_d2f8163a ON public.mantenciones_mantencion USING btree (moto_cliente_id);


--
-- Name: mantenciones_vehiculocliente_cliente_id_29d4e4ee; Type: INDEX; Schema: public; Owner: admin_motos
--

CREATE INDEX mantenciones_vehiculocliente_cliente_id_29d4e4ee ON public.mantenciones_vehiculocliente USING btree (cliente_id);


--
-- Name: mantenciones_vehiculocliente_matricula_ed771e22_like; Type: INDEX; Schema: public; Owner: admin_motos
--

CREATE INDEX mantenciones_vehiculocliente_matricula_ed771e22_like ON public.mantenciones_vehiculocliente USING btree (matricula varchar_pattern_ops);


--
-- Name: motos_especificacionmoto_moto_id_766053b3; Type: INDEX; Schema: public; Owner: postgres
--

CREATE INDEX motos_especificacionmoto_moto_id_766053b3 ON public.motos_especificacionmoto USING btree (moto_id);


--
-- Name: motos_imagenmoto_moto_id_a3a86a1c; Type: INDEX; Schema: public; Owner: postgres
--

CREATE INDEX motos_imagenmoto_moto_id_a3a86a1c ON public.motos_imagenmoto USING btree (moto_id);


--
-- Name: motos_moto_categoria_id_dcd5f7d3; Type: INDEX; Schema: public; Owner: postgres
--

CREATE INDEX motos_moto_categoria_id_dcd5f7d3 ON public.motos_moto USING btree (categoria_id);


--
-- Name: motos_moto_marca_id_bc0a51d0; Type: INDEX; Schema: public; Owner: postgres
--

CREATE INDEX motos_moto_marca_id_bc0a51d0 ON public.motos_moto USING btree (marca_id);


--
-- Name: motos_moto_slug_cb5ee6e2_like; Type: INDEX; Schema: public; Owner: postgres
--

CREATE INDEX motos_moto_slug_cb5ee6e2_like ON public.motos_moto USING btree (slug varchar_pattern_ops);


--
-- Name: productos_compatibilidadproductomoto_moto_id_da92d417; Type: INDEX; Schema: public; Owner: postgres
--

CREATE INDEX productos_compatibilidadproductomoto_moto_id_da92d417 ON public.productos_compatibilidadproductomoto USING btree (moto_id);


--
-- Name: productos_compatibilidadproductomoto_producto_id_ba87c192; Type: INDEX; Schema: public; Owner: postgres
--

CREATE INDEX productos_compatibilidadproductomoto_producto_id_ba87c192 ON public.productos_compatibilidadproductomoto USING btree (producto_id);


--
-- Name: productos_especificacionproducto_producto_id_2262c53b; Type: INDEX; Schema: public; Owner: postgres
--

CREATE INDEX productos_especificacionproducto_producto_id_2262c53b ON public.productos_especificacionproducto USING btree (producto_id);


--
-- Name: productos_imagenproducto_producto_id_685baa36; Type: INDEX; Schema: public; Owner: postgres
--

CREATE INDEX productos_imagenproducto_producto_id_685baa36 ON public.productos_imagenproducto USING btree (producto_id);


--
-- Name: productos_producto_marca_id_fc6a9dea; Type: INDEX; Schema: public; Owner: postgres
--

CREATE INDEX productos_producto_marca_id_fc6a9dea ON public.productos_producto USING btree (marca_id);


--
-- Name: productos_producto_slug_8e5f75e2_like; Type: INDEX; Schema: public; Owner: postgres
--

CREATE INDEX productos_producto_slug_8e5f75e2_like ON public.productos_producto USING btree (slug varchar_pattern_ops);


--
-- Name: productos_producto_subcategoria_id_3e19f3d9; Type: INDEX; Schema: public; Owner: postgres
--

CREATE INDEX productos_producto_subcategoria_id_3e19f3d9 ON public.productos_producto USING btree (subcategoria_id);


--
-- Name: token_blacklist_outstandingtoken_jti_hex_d9bdf6f7_like; Type: INDEX; Schema: public; Owner: postgres
--

CREATE INDEX token_blacklist_outstandingtoken_jti_hex_d9bdf6f7_like ON public.token_blacklist_outstandingtoken USING btree (jti varchar_pattern_ops);


--
-- Name: token_blacklist_outstandingtoken_user_id_83bc629a; Type: INDEX; Schema: public; Owner: postgres
--

CREATE INDEX token_blacklist_outstandingtoken_user_id_83bc629a ON public.token_blacklist_outstandingtoken USING btree (user_id);


--
-- Name: auth_group_permissions auth_group_permissio_permission_id_84c5c92e_fk_auth_perm; Type: FK CONSTRAINT; Schema: public; Owner: postgres
--

ALTER TABLE ONLY public.auth_group_permissions
    ADD CONSTRAINT auth_group_permissio_permission_id_84c5c92e_fk_auth_perm FOREIGN KEY (permission_id) REFERENCES public.auth_permission(id) DEFERRABLE INITIALLY DEFERRED;


--
-- Name: auth_group_permissions auth_group_permissions_group_id_b120cbf9_fk_auth_group_id; Type: FK CONSTRAINT; Schema: public; Owner: postgres
--

ALTER TABLE ONLY public.auth_group_permissions
    ADD CONSTRAINT auth_group_permissions_group_id_b120cbf9_fk_auth_group_id FOREIGN KEY (group_id) REFERENCES public.auth_group(id) DEFERRABLE INITIALLY DEFERRED;


--
-- Name: auth_permission auth_permission_content_type_id_2f476e4b_fk_django_co; Type: FK CONSTRAINT; Schema: public; Owner: postgres
--

ALTER TABLE ONLY public.auth_permission
    ADD CONSTRAINT auth_permission_content_type_id_2f476e4b_fk_django_co FOREIGN KEY (content_type_id) REFERENCES public.django_content_type(id) DEFERRABLE INITIALLY DEFERRED;


--
-- Name: auth_user_groups auth_user_groups_group_id_97559544_fk_auth_group_id; Type: FK CONSTRAINT; Schema: public; Owner: postgres
--

ALTER TABLE ONLY public.auth_user_groups
    ADD CONSTRAINT auth_user_groups_group_id_97559544_fk_auth_group_id FOREIGN KEY (group_id) REFERENCES public.auth_group(id) DEFERRABLE INITIALLY DEFERRED;


--
-- Name: auth_user_groups auth_user_groups_user_id_6a12ed8b_fk_auth_user_id; Type: FK CONSTRAINT; Schema: public; Owner: postgres
--

ALTER TABLE ONLY public.auth_user_groups
    ADD CONSTRAINT auth_user_groups_user_id_6a12ed8b_fk_auth_user_id FOREIGN KEY (user_id) REFERENCES public.auth_user(id) DEFERRABLE INITIALLY DEFERRED;


--
-- Name: auth_user_user_permissions auth_user_user_permi_permission_id_1fbb5f2c_fk_auth_perm; Type: FK CONSTRAINT; Schema: public; Owner: postgres
--

ALTER TABLE ONLY public.auth_user_user_permissions
    ADD CONSTRAINT auth_user_user_permi_permission_id_1fbb5f2c_fk_auth_perm FOREIGN KEY (permission_id) REFERENCES public.auth_permission(id) DEFERRABLE INITIALLY DEFERRED;


--
-- Name: auth_user_user_permissions auth_user_user_permissions_user_id_a95ead1b_fk_auth_user_id; Type: FK CONSTRAINT; Schema: public; Owner: postgres
--

ALTER TABLE ONLY public.auth_user_user_permissions
    ADD CONSTRAINT auth_user_user_permissions_user_id_a95ead1b_fk_auth_user_id FOREIGN KEY (user_id) REFERENCES public.auth_user(id) DEFERRABLE INITIALLY DEFERRED;


--
-- Name: authtoken_token authtoken_token_user_id_35299eff_fk_auth_user_id; Type: FK CONSTRAINT; Schema: public; Owner: postgres
--

ALTER TABLE ONLY public.authtoken_token
    ADD CONSTRAINT authtoken_token_user_id_35299eff_fk_auth_user_id FOREIGN KEY (user_id) REFERENCES public.auth_user(id) DEFERRABLE INITIALLY DEFERRED;


--
-- Name: catalogo_subcategoriaproducto catalogo_subcategori_categoria_id_de577b4f_fk_catalogo_; Type: FK CONSTRAINT; Schema: public; Owner: postgres
--

ALTER TABLE ONLY public.catalogo_subcategoriaproducto
    ADD CONSTRAINT catalogo_subcategori_categoria_id_de577b4f_fk_catalogo_ FOREIGN KEY (categoria_id) REFERENCES public.catalogo_categoriaproducto(id) DEFERRABLE INITIALLY DEFERRED;


--
-- Name: clientes_contactocliente clientes_contactocli_producto_id_7e4cd3df_fk_productos; Type: FK CONSTRAINT; Schema: public; Owner: postgres
--

ALTER TABLE ONLY public.clientes_contactocliente
    ADD CONSTRAINT clientes_contactocli_producto_id_7e4cd3df_fk_productos FOREIGN KEY (producto_id) REFERENCES public.productos_producto(id) DEFERRABLE INITIALLY DEFERRED;


--
-- Name: clientes_contactocliente clientes_contactocliente_moto_id_15a41aaf_fk_motos_moto_id; Type: FK CONSTRAINT; Schema: public; Owner: postgres
--

ALTER TABLE ONLY public.clientes_contactocliente
    ADD CONSTRAINT clientes_contactocliente_moto_id_15a41aaf_fk_motos_moto_id FOREIGN KEY (moto_id) REFERENCES public.motos_moto(id) DEFERRABLE INITIALLY DEFERRED;


--
-- Name: clientes_perfilusuario clientes_perfilusuario_user_id_5e5dcb6d_fk_auth_user_id; Type: FK CONSTRAINT; Schema: public; Owner: postgres
--

ALTER TABLE ONLY public.clientes_perfilusuario
    ADD CONSTRAINT clientes_perfilusuario_user_id_5e5dcb6d_fk_auth_user_id FOREIGN KEY (user_id) REFERENCES public.auth_user(id) DEFERRABLE INITIALLY DEFERRED;


--
-- Name: django_admin_log django_admin_log_content_type_id_c4bce8eb_fk_django_co; Type: FK CONSTRAINT; Schema: public; Owner: postgres
--

ALTER TABLE ONLY public.django_admin_log
    ADD CONSTRAINT django_admin_log_content_type_id_c4bce8eb_fk_django_co FOREIGN KEY (content_type_id) REFERENCES public.django_content_type(id) DEFERRABLE INITIALLY DEFERRED;


--
-- Name: django_admin_log django_admin_log_user_id_c564eba6_fk_auth_user_id; Type: FK CONSTRAINT; Schema: public; Owner: postgres
--

ALTER TABLE ONLY public.django_admin_log
    ADD CONSTRAINT django_admin_log_user_id_c564eba6_fk_auth_user_id FOREIGN KEY (user_id) REFERENCES public.auth_user(id) DEFERRABLE INITIALLY DEFERRED;


--
-- Name: mantenciones_mantencion mantenciones_mantenc_moto_cliente_id_d2f8163a_fk_mantencio; Type: FK CONSTRAINT; Schema: public; Owner: admin_motos
--

ALTER TABLE ONLY public.mantenciones_mantencion
    ADD CONSTRAINT mantenciones_mantenc_moto_cliente_id_d2f8163a_fk_mantencio FOREIGN KEY (moto_cliente_id) REFERENCES public.mantenciones_vehiculocliente(id) DEFERRABLE INITIALLY DEFERRED;


--
-- Name: mantenciones_vehiculocliente mantenciones_vehicul_cliente_id_29d4e4ee_fk_auth_user; Type: FK CONSTRAINT; Schema: public; Owner: admin_motos
--

ALTER TABLE ONLY public.mantenciones_vehiculocliente
    ADD CONSTRAINT mantenciones_vehicul_cliente_id_29d4e4ee_fk_auth_user FOREIGN KEY (cliente_id) REFERENCES public.auth_user(id) DEFERRABLE INITIALLY DEFERRED;


--
-- Name: motos_especificacionmoto motos_especificacionmoto_moto_id_766053b3_fk_motos_moto_id; Type: FK CONSTRAINT; Schema: public; Owner: postgres
--

ALTER TABLE ONLY public.motos_especificacionmoto
    ADD CONSTRAINT motos_especificacionmoto_moto_id_766053b3_fk_motos_moto_id FOREIGN KEY (moto_id) REFERENCES public.motos_moto(id) DEFERRABLE INITIALLY DEFERRED;


--
-- Name: motos_imagenmoto motos_imagenmoto_moto_id_a3a86a1c_fk_motos_moto_id; Type: FK CONSTRAINT; Schema: public; Owner: postgres
--

ALTER TABLE ONLY public.motos_imagenmoto
    ADD CONSTRAINT motos_imagenmoto_moto_id_a3a86a1c_fk_motos_moto_id FOREIGN KEY (moto_id) REFERENCES public.motos_moto(id) DEFERRABLE INITIALLY DEFERRED;


--
-- Name: motos_moto motos_moto_categoria_id_dcd5f7d3_fk_catalogo_categoriamoto_id; Type: FK CONSTRAINT; Schema: public; Owner: postgres
--

ALTER TABLE ONLY public.motos_moto
    ADD CONSTRAINT motos_moto_categoria_id_dcd5f7d3_fk_catalogo_categoriamoto_id FOREIGN KEY (categoria_id) REFERENCES public.catalogo_categoriamoto(id) DEFERRABLE INITIALLY DEFERRED;


--
-- Name: motos_moto motos_moto_marca_id_bc0a51d0_fk_catalogo_marca_id; Type: FK CONSTRAINT; Schema: public; Owner: postgres
--

ALTER TABLE ONLY public.motos_moto
    ADD CONSTRAINT motos_moto_marca_id_bc0a51d0_fk_catalogo_marca_id FOREIGN KEY (marca_id) REFERENCES public.catalogo_marca(id) DEFERRABLE INITIALLY DEFERRED;


--
-- Name: productos_compatibilidadproductomoto productos_compatibil_moto_id_da92d417_fk_motos_mot; Type: FK CONSTRAINT; Schema: public; Owner: postgres
--

ALTER TABLE ONLY public.productos_compatibilidadproductomoto
    ADD CONSTRAINT productos_compatibil_moto_id_da92d417_fk_motos_mot FOREIGN KEY (moto_id) REFERENCES public.motos_moto(id) DEFERRABLE INITIALLY DEFERRED;


--
-- Name: productos_compatibilidadproductomoto productos_compatibil_producto_id_ba87c192_fk_productos; Type: FK CONSTRAINT; Schema: public; Owner: postgres
--

ALTER TABLE ONLY public.productos_compatibilidadproductomoto
    ADD CONSTRAINT productos_compatibil_producto_id_ba87c192_fk_productos FOREIGN KEY (producto_id) REFERENCES public.productos_producto(id) DEFERRABLE INITIALLY DEFERRED;


--
-- Name: productos_especificacionproducto productos_especifica_producto_id_2262c53b_fk_productos; Type: FK CONSTRAINT; Schema: public; Owner: postgres
--

ALTER TABLE ONLY public.productos_especificacionproducto
    ADD CONSTRAINT productos_especifica_producto_id_2262c53b_fk_productos FOREIGN KEY (producto_id) REFERENCES public.productos_producto(id) DEFERRABLE INITIALLY DEFERRED;


--
-- Name: productos_imagenproducto productos_imagenprod_producto_id_685baa36_fk_productos; Type: FK CONSTRAINT; Schema: public; Owner: postgres
--

ALTER TABLE ONLY public.productos_imagenproducto
    ADD CONSTRAINT productos_imagenprod_producto_id_685baa36_fk_productos FOREIGN KEY (producto_id) REFERENCES public.productos_producto(id) DEFERRABLE INITIALLY DEFERRED;


--
-- Name: productos_producto productos_producto_marca_id_fc6a9dea_fk_catalogo_marca_id; Type: FK CONSTRAINT; Schema: public; Owner: postgres
--

ALTER TABLE ONLY public.productos_producto
    ADD CONSTRAINT productos_producto_marca_id_fc6a9dea_fk_catalogo_marca_id FOREIGN KEY (marca_id) REFERENCES public.catalogo_marca(id) DEFERRABLE INITIALLY DEFERRED;


--
-- Name: productos_producto productos_producto_subcategoria_id_3e19f3d9_fk_catalogo_; Type: FK CONSTRAINT; Schema: public; Owner: postgres
--

ALTER TABLE ONLY public.productos_producto
    ADD CONSTRAINT productos_producto_subcategoria_id_3e19f3d9_fk_catalogo_ FOREIGN KEY (subcategoria_id) REFERENCES public.catalogo_subcategoriaproducto(id) DEFERRABLE INITIALLY DEFERRED;


--
-- Name: token_blacklist_blacklistedtoken token_blacklist_blacklistedtoken_token_id_3cc7fe56_fk; Type: FK CONSTRAINT; Schema: public; Owner: postgres
--

ALTER TABLE ONLY public.token_blacklist_blacklistedtoken
    ADD CONSTRAINT token_blacklist_blacklistedtoken_token_id_3cc7fe56_fk FOREIGN KEY (token_id) REFERENCES public.token_blacklist_outstandingtoken(id) DEFERRABLE INITIALLY DEFERRED;


--
-- Name: token_blacklist_outstandingtoken token_blacklist_outs_user_id_83bc629a_fk_auth_user; Type: FK CONSTRAINT; Schema: public; Owner: postgres
--

ALTER TABLE ONLY public.token_blacklist_outstandingtoken
    ADD CONSTRAINT token_blacklist_outs_user_id_83bc629a_fk_auth_user FOREIGN KEY (user_id) REFERENCES public.auth_user(id) DEFERRABLE INITIALLY DEFERRED;


--
-- Name: SCHEMA public; Type: ACL; Schema: -; Owner: pg_database_owner
--

GRANT ALL ON SCHEMA public TO admin_motos;


--
-- Name: TABLE auth_group; Type: ACL; Schema: public; Owner: postgres
--

GRANT ALL ON TABLE public.auth_group TO admin_motos;


--
-- Name: SEQUENCE auth_group_id_seq; Type: ACL; Schema: public; Owner: postgres
--

GRANT ALL ON SEQUENCE public.auth_group_id_seq TO admin_motos;


--
-- Name: TABLE auth_group_permissions; Type: ACL; Schema: public; Owner: postgres
--

GRANT ALL ON TABLE public.auth_group_permissions TO admin_motos;


--
-- Name: SEQUENCE auth_group_permissions_id_seq; Type: ACL; Schema: public; Owner: postgres
--

GRANT ALL ON SEQUENCE public.auth_group_permissions_id_seq TO admin_motos;


--
-- Name: TABLE auth_permission; Type: ACL; Schema: public; Owner: postgres
--

GRANT ALL ON TABLE public.auth_permission TO admin_motos;


--
-- Name: SEQUENCE auth_permission_id_seq; Type: ACL; Schema: public; Owner: postgres
--

GRANT ALL ON SEQUENCE public.auth_permission_id_seq TO admin_motos;


--
-- Name: TABLE auth_user; Type: ACL; Schema: public; Owner: postgres
--

GRANT ALL ON TABLE public.auth_user TO admin_motos;


--
-- Name: TABLE auth_user_groups; Type: ACL; Schema: public; Owner: postgres
--

GRANT ALL ON TABLE public.auth_user_groups TO admin_motos;


--
-- Name: SEQUENCE auth_user_groups_id_seq; Type: ACL; Schema: public; Owner: postgres
--

GRANT ALL ON SEQUENCE public.auth_user_groups_id_seq TO admin_motos;


--
-- Name: SEQUENCE auth_user_id_seq; Type: ACL; Schema: public; Owner: postgres
--

GRANT ALL ON SEQUENCE public.auth_user_id_seq TO admin_motos;


--
-- Name: TABLE auth_user_user_permissions; Type: ACL; Schema: public; Owner: postgres
--

GRANT ALL ON TABLE public.auth_user_user_permissions TO admin_motos;


--
-- Name: SEQUENCE auth_user_user_permissions_id_seq; Type: ACL; Schema: public; Owner: postgres
--

GRANT ALL ON SEQUENCE public.auth_user_user_permissions_id_seq TO admin_motos;


--
-- Name: TABLE authtoken_token; Type: ACL; Schema: public; Owner: postgres
--

GRANT ALL ON TABLE public.authtoken_token TO admin_motos;


--
-- Name: TABLE catalogo_categoriamoto; Type: ACL; Schema: public; Owner: postgres
--

GRANT ALL ON TABLE public.catalogo_categoriamoto TO admin_motos;


--
-- Name: SEQUENCE catalogo_categoriamoto_id_seq; Type: ACL; Schema: public; Owner: postgres
--

GRANT ALL ON SEQUENCE public.catalogo_categoriamoto_id_seq TO admin_motos;


--
-- Name: TABLE catalogo_categoriaproducto; Type: ACL; Schema: public; Owner: postgres
--

GRANT ALL ON TABLE public.catalogo_categoriaproducto TO admin_motos;


--
-- Name: SEQUENCE catalogo_categoriaproducto_id_seq; Type: ACL; Schema: public; Owner: postgres
--

GRANT ALL ON SEQUENCE public.catalogo_categoriaproducto_id_seq TO admin_motos;


--
-- Name: TABLE catalogo_marca; Type: ACL; Schema: public; Owner: postgres
--

GRANT ALL ON TABLE public.catalogo_marca TO admin_motos;


--
-- Name: SEQUENCE catalogo_marca_id_seq; Type: ACL; Schema: public; Owner: postgres
--

GRANT ALL ON SEQUENCE public.catalogo_marca_id_seq TO admin_motos;


--
-- Name: TABLE catalogo_subcategoriaproducto; Type: ACL; Schema: public; Owner: postgres
--

GRANT ALL ON TABLE public.catalogo_subcategoriaproducto TO admin_motos;


--
-- Name: SEQUENCE catalogo_subcategoriaproducto_id_seq; Type: ACL; Schema: public; Owner: postgres
--

GRANT ALL ON SEQUENCE public.catalogo_subcategoriaproducto_id_seq TO admin_motos;


--
-- Name: TABLE clientes_contactocliente; Type: ACL; Schema: public; Owner: postgres
--

GRANT ALL ON TABLE public.clientes_contactocliente TO admin_motos;


--
-- Name: SEQUENCE clientes_contactocliente_id_seq; Type: ACL; Schema: public; Owner: postgres
--

GRANT ALL ON SEQUENCE public.clientes_contactocliente_id_seq TO admin_motos;


--
-- Name: TABLE clientes_perfilusuario; Type: ACL; Schema: public; Owner: postgres
--

GRANT ALL ON TABLE public.clientes_perfilusuario TO admin_motos;


--
-- Name: SEQUENCE clientes_perfilusuario_id_seq; Type: ACL; Schema: public; Owner: postgres
--

GRANT ALL ON SEQUENCE public.clientes_perfilusuario_id_seq TO admin_motos;


--
-- Name: TABLE core_contactositio; Type: ACL; Schema: public; Owner: postgres
--

GRANT ALL ON TABLE public.core_contactositio TO admin_motos;


--
-- Name: SEQUENCE core_contactositio_id_seq; Type: ACL; Schema: public; Owner: postgres
--

GRANT ALL ON SEQUENCE public.core_contactositio_id_seq TO admin_motos;


--
-- Name: TABLE django_admin_log; Type: ACL; Schema: public; Owner: postgres
--

GRANT ALL ON TABLE public.django_admin_log TO admin_motos;


--
-- Name: SEQUENCE django_admin_log_id_seq; Type: ACL; Schema: public; Owner: postgres
--

GRANT ALL ON SEQUENCE public.django_admin_log_id_seq TO admin_motos;


--
-- Name: TABLE django_content_type; Type: ACL; Schema: public; Owner: postgres
--

GRANT ALL ON TABLE public.django_content_type TO admin_motos;


--
-- Name: SEQUENCE django_content_type_id_seq; Type: ACL; Schema: public; Owner: postgres
--

GRANT ALL ON SEQUENCE public.django_content_type_id_seq TO admin_motos;


--
-- Name: TABLE django_migrations; Type: ACL; Schema: public; Owner: postgres
--

GRANT ALL ON TABLE public.django_migrations TO admin_motos;


--
-- Name: SEQUENCE django_migrations_id_seq; Type: ACL; Schema: public; Owner: postgres
--

GRANT ALL ON SEQUENCE public.django_migrations_id_seq TO admin_motos;


--
-- Name: TABLE django_session; Type: ACL; Schema: public; Owner: postgres
--

GRANT ALL ON TABLE public.django_session TO admin_motos;


--
-- Name: TABLE motos_especificacionmoto; Type: ACL; Schema: public; Owner: postgres
--

GRANT ALL ON TABLE public.motos_especificacionmoto TO admin_motos;


--
-- Name: SEQUENCE motos_especificacionmoto_id_seq; Type: ACL; Schema: public; Owner: postgres
--

GRANT ALL ON SEQUENCE public.motos_especificacionmoto_id_seq TO admin_motos;


--
-- Name: TABLE motos_imagenmoto; Type: ACL; Schema: public; Owner: postgres
--

GRANT ALL ON TABLE public.motos_imagenmoto TO admin_motos;


--
-- Name: SEQUENCE motos_imagenmoto_id_seq; Type: ACL; Schema: public; Owner: postgres
--

GRANT ALL ON SEQUENCE public.motos_imagenmoto_id_seq TO admin_motos;


--
-- Name: TABLE motos_moto; Type: ACL; Schema: public; Owner: postgres
--

GRANT ALL ON TABLE public.motos_moto TO admin_motos;


--
-- Name: SEQUENCE motos_moto_id_seq; Type: ACL; Schema: public; Owner: postgres
--

GRANT ALL ON SEQUENCE public.motos_moto_id_seq TO admin_motos;


--
-- Name: TABLE productos_compatibilidadproductomoto; Type: ACL; Schema: public; Owner: postgres
--

GRANT ALL ON TABLE public.productos_compatibilidadproductomoto TO admin_motos;


--
-- Name: SEQUENCE productos_compatibilidadproductomoto_id_seq; Type: ACL; Schema: public; Owner: postgres
--

GRANT ALL ON SEQUENCE public.productos_compatibilidadproductomoto_id_seq TO admin_motos;


--
-- Name: TABLE productos_especificacionproducto; Type: ACL; Schema: public; Owner: postgres
--

GRANT ALL ON TABLE public.productos_especificacionproducto TO admin_motos;


--
-- Name: SEQUENCE productos_especificacionproducto_id_seq; Type: ACL; Schema: public; Owner: postgres
--

GRANT ALL ON SEQUENCE public.productos_especificacionproducto_id_seq TO admin_motos;


--
-- Name: TABLE productos_imagenproducto; Type: ACL; Schema: public; Owner: postgres
--

GRANT ALL ON TABLE public.productos_imagenproducto TO admin_motos;


--
-- Name: SEQUENCE productos_imagenproducto_id_seq; Type: ACL; Schema: public; Owner: postgres
--

GRANT ALL ON SEQUENCE public.productos_imagenproducto_id_seq TO admin_motos;


--
-- Name: TABLE productos_producto; Type: ACL; Schema: public; Owner: postgres
--

GRANT ALL ON TABLE public.productos_producto TO admin_motos;


--
-- Name: SEQUENCE productos_producto_id_seq; Type: ACL; Schema: public; Owner: postgres
--

GRANT ALL ON SEQUENCE public.productos_producto_id_seq TO admin_motos;


--
-- Name: TABLE token_blacklist_blacklistedtoken; Type: ACL; Schema: public; Owner: postgres
--

GRANT ALL ON TABLE public.token_blacklist_blacklistedtoken TO admin_motos;


--
-- Name: SEQUENCE token_blacklist_blacklistedtoken_id_seq; Type: ACL; Schema: public; Owner: postgres
--

GRANT ALL ON SEQUENCE public.token_blacklist_blacklistedtoken_id_seq TO admin_motos;


--
-- Name: TABLE token_blacklist_outstandingtoken; Type: ACL; Schema: public; Owner: postgres
--

GRANT ALL ON TABLE public.token_blacklist_outstandingtoken TO admin_motos;


--
-- Name: SEQUENCE token_blacklist_outstandingtoken_id_seq; Type: ACL; Schema: public; Owner: postgres
--

GRANT ALL ON SEQUENCE public.token_blacklist_outstandingtoken_id_seq TO admin_motos;


--
-- Name: DEFAULT PRIVILEGES FOR SEQUENCES; Type: DEFAULT ACL; Schema: public; Owner: postgres
--

ALTER DEFAULT PRIVILEGES FOR ROLE postgres IN SCHEMA public GRANT ALL ON SEQUENCES TO admin_motos;


--
-- Name: DEFAULT PRIVILEGES FOR FUNCTIONS; Type: DEFAULT ACL; Schema: public; Owner: postgres
--

ALTER DEFAULT PRIVILEGES FOR ROLE postgres IN SCHEMA public GRANT ALL ON FUNCTIONS TO admin_motos;


--
-- Name: DEFAULT PRIVILEGES FOR TABLES; Type: DEFAULT ACL; Schema: public; Owner: postgres
--

ALTER DEFAULT PRIVILEGES FOR ROLE postgres IN SCHEMA public GRANT ALL ON TABLES TO admin_motos;


--
-- PostgreSQL database dump complete
--

\unrestrict wvfc50PEejoOmIFUKlvy3cds2zVehHWZgomgJ2Dxbt4aggS3Zn7rVbovbOXYcIe

